Percentages,Lower Bond,pm25,Percentages,Lower Bond,pm10,Percentages,Lower Bond,o3,Percentages,Lower Bond,no2,Percentages,Lower Bond,so2,Percentages,Lower Bond,co
81.30%,100,114,67.10%,42,55,92.00%,55,66,56.80%,8,14,39.30%,0,0,97.40%,8,9
36.30%,60,77,11.10%,14,22,48.40%,33,39,22.80%,0,0,53.40%,0,0,87.90%,6,8
71.30%,80,86,87.20%,56,66,51.90%,33,36,12.40%,0,2,66.50%,4,8,77.70%,4,5
31.50%,60,75,33.30%,28,39,57.30%,33,41,65.90%,8,13,25.20%,0,0,79.20%,4,6
12.00%,40,47,89.40%,56,62,3.90%,11,15,19.70%,0,4,39.10%,0,1,9.60%,0,0
48.20%,60,66,1.50%,0,9,70.30%,44,48,48.20%,8,16,87.20%,4,6,74.60%,4,6
59.10%,80,94,15.50%,14,27,65.00%,33,36,40.60%,0,3,8.70%,0,0,17.20%,2,4
12.20%,40,41,51.40%,28,32,14.80%,22,23,31.20%,0,1,71.00%,4,5,20.30%,2,3
20.60%,40,55,58.10%,28,33,75.00%,44,47,15.60%,0,1,15.80%,0,3,0.50%,0,1
41.70%,60,77,98.10%,70,78,41.00%,33,35,51.50%,8,15,7.30%,0,1,69.30%,4,5
0.70%,0,6,43.70%,28,37,2.80%,11,13,4.90%,0,0,75.20%,4,5,89.20%,6,8
42.40%,60,71,23.30%,14,15,24.70%,22,23,52.70%,8,10,56.60%,0,2,2.30%,0,1
31.30%,60,74,12.50%,14,22,82.40%,44,54,16.70%,0,5,87.80%,8,10,77.30%,4,6
82.90%,100,108,49.80%,28,39,23.60%,22,30,14.60%,0,6,25.50%,0,1,33.00%,2,3
10.30%,40,57,87.10%,56,65,99.30%,77,85,38.40%,0,4,28.70%,0,2,94.60%,6,7
51.70%,60,68,43.20%,28,40,6.30%,11,16,93.70%,24,31,85.60%,4,6,24.60%,2,3
80.80%,100,102,57.90%,28,37,43.60%,33,37,33.00%,0,3,51.90%,0,1,80.50%,4,6
33.60%,60,64,71.40%,42,43,29.80%,22,32,10.80%,0,2,23.60%,0,4,6.10%,0,0
0.50%,0,19,1.20%,0,9,97.80%,66,75,11.70%,0,0,47.20%,0,0,3.70%,0,2
30.80%,60,78,6.60%,14,26,97.00%,66,71,69.50%,8,11,46.50%,0,3,97.50%,8,10
44.40%,60,66,45.20%,28,40,1.00%,11,21,85.60%,16,17,87.00%,4,5,8.00%,0,0
4.20%,20,24,30.70%,28,39,66.20%,33,40,67.90%,8,12,47.30%,0,1,64.20%,4,6
17.70%,40,44,45.50%,28,35,24.60%,22,24,59.80%,8,11,35.90%,0,4,25.60%,2,3
34.80%,60,65,68.40%,42,46,96.10%,66,71,45.80%,8,10,12.20%,0,4,9.30%,0,1
88.80%,120,130,63.30%,42,45,93.70%,55,59,17.20%,0,1,53.60%,0,1,99.30%,10,11
0.80%,0,20,8.10%,14,26,50.70%,33,42,15.70%,0,2,9.50%,0,2,23.20%,2,3
33.00%,60,79,53.80%,28,32,26.80%,22,26,14.80%,0,4,1.80%,0,3,93.80%,6,8
69.60%,80,94,25.00%,14,26,84.00%,44,49,98.80%,32,34,68.40%,4,5,18.50%,2,4
24.60%,40,59,9.30%,14,26,68.90%,44,50,49.40%,8,13,20.60%,0,1,80.10%,4,5
86.30%,100,112,0.30%,0,3,98.80%,77,81,99.90%,56,64,10.80%,0,4,58.70%,4,6
78.50%,100,117,13.00%,14,15,90.20%,55,64,60.90%,8,12,82.30%,4,6,1.40%,0,1
70.50%,80,87,73.80%,42,51,87.00%,55,59,4.40%,0,5,89.50%,8,11,81.30%,4,6
91.90%,120,127,87.30%,56,58,9.30%,22,27,94.50%,24,31,48.80%,0,4,96.40%,6,8
64.70%,80,86,91.90%,56,60,11.50%,22,27,84.20%,16,17,62.10%,0,1,42.40%,2,3
38.30%,60,76,69.40%,42,54,92.50%,55,63,16.30%,0,3,81.40%,4,5,80.00%,4,6
95.40%,140,141,46.70%,28,33,75.30%,44,46,18.90%,0,0,84.80%,4,7,70.10%,4,6
12.80%,40,42,62.80%,28,32,37.50%,33,43,39.40%,0,1,13.60%,0,0,86.10%,6,8
54.30%,60,73,89.60%,56,57,6.70%,11,21,38.00%,0,6,51.80%,0,0,70.00%,4,5
26.20%,40,49,52.90%,28,38,92.40%,55,63,91.00%,16,24,38.60%,0,3,29.80%,2,4
92.50%,120,133,43.80%,28,31,10.40%,22,32,84.20%,16,23,70.80%,4,6,54.00%,4,5
16.70%,40,59,89.60%,56,69,86.80%,55,59,18.60%,0,7,54.80%,0,2,70.30%,4,5
60.80%,80,84,16.40%,14,20,21.70%,22,25,0.20%,0,7,35.00%,0,0,44.40%,2,3
5.80%,20,23,34.90%,28,39,1.50%,11,13,64.00%,8,13,20.50%,0,4,81.30%,4,5
70.60%,80,92,92.50%,56,69,25.70%,22,27,41.90%,8,14,86.10%,4,5,9.60%,0,2
49.30%,60,61,11.00%,14,21,21.50%,22,28,11.40%,0,5,98.90%,16,17,76.00%,4,6
78.60%,100,107,91.70%,56,57,83.00%,44,53,39.10%,0,0,30.90%,0,1,7.10%,0,1
42.00%,60,67,11.10%,14,25,40.30%,33,39,75.70%,8,12,99.60%,20,23,83.10%,4,5
95.30%,140,153,40.60%,28,37,16.60%,22,24,69.10%,8,13,53.60%,0,0,7.50%,0,1
50.90%,60,71,31.30%,28,42,24.00%,22,31,4.20%,0,3,14.40%,0,0,38.10%,2,3
43.80%,60,72,81.20%,42,50,80.70%,44,49,83.50%,16,17,11.10%,0,1,58.90%,4,6
1.10%,20,32,33.30%,28,36,28.30%,22,33,28.80%,0,8,61.10%,0,1,92.90%,6,7
56.80%,80,90,52.40%,28,34,35.10%,33,39,52.60%,8,13,15.90%,0,1,70.80%,4,5
9.20%,40,51,45.90%,28,33,60.20%,33,39,83.00%,16,23,21.10%,0,0,67.20%,4,6
42.70%,60,73,89.80%,56,57,7.60%,22,23,81.40%,16,22,25.50%,0,4,91.40%,6,7
54.00%,60,75,96.00%,70,71,21.30%,22,29,53.10%,8,13,57.90%,0,0,67.80%,4,6
10.10%,40,58,11.10%,14,19,33.20%,22,30,6.50%,0,3,9.50%,0,2,33.70%,2,3
64.40%,80,87,17.90%,14,15,84.50%,44,51,32.80%,0,3,95.60%,12,13,9.90%,2,3
24.60%,40,45,79.40%,42,46,25.10%,22,30,55.00%,8,11,62.00%,0,3,60.60%,4,6
74.20%,80,86,21.50%,14,15,64.20%,33,39,91.30%,16,17,13.10%,0,2,37.30%,2,3
63.10%,80,98,50.90%,28,40,77.20%,44,51,97.50%,24,32,21.50%,0,4,41.30%,2,4
72.80%,80,99,89.10%,56,67,40.10%,33,42,52.20%,8,14,85.60%,4,5,74.60%,4,5
8.60%,20,27,39.60%,28,29,92.40%,55,58,59.00%,8,9,60.70%,0,0,67.50%,4,5
65.70%,80,90,78.00%,42,51,93.20%,55,64,30.60%,0,6,59.00%,0,1,73.30%,4,5
100.00%,180,195,31.70%,28,30,57.50%,33,37,83.40%,16,19,72.10%,4,6,11.30%,2,3
17.70%,40,58,17.00%,14,20,65.70%,33,40,7.50%,0,7,70.50%,4,7,42.30%,2,4
74.90%,80,85,10.10%,14,25,55.40%,33,38,17.00%,0,5,6.20%,0,4,75.20%,4,5
97.90%,140,155,3.90%,0,2,89.60%,55,59,17.40%,0,6,86.70%,4,5,56.40%,4,5
62.80%,80,84,45.40%,28,35,54.00%,33,34,93.30%,16,18,96.40%,12,15,54.90%,4,6
86.60%,100,101,38.10%,28,34,24.30%,22,23,89.30%,16,20,80.70%,4,5,33.80%,2,4
25.10%,40,60,48.10%,28,34,25.30%,22,30,6.70%,0,3,3.20%,0,1,86.60%,6,8
74.50%,80,89,16.20%,14,24,52.20%,33,38,57.70%,8,11,73.00%,4,5,82.00%,4,6
76.00%,100,107,88.50%,56,67,75.00%,44,49,67.10%,8,9,57.10%,0,1,86.40%,6,7
22.60%,40,53,65.30%,42,55,29.60%,22,26,58.30%,8,15,22.20%,0,1,57.20%,4,5
58.40%,80,90,66.00%,42,48,87.70%,55,61,86.30%,16,20,0.40%,0,4,23.50%,2,4
13.70%,40,46,19.50%,14,18,32.90%,22,32,33.20%,0,6,46.30%,0,4,39.60%,2,4
93.30%,120,133,68.60%,42,49,81.20%,44,54,54.80%,8,12,5.60%,0,0,83.40%,4,6
98.40%,140,146,43.20%,28,34,54.70%,33,40,10.10%,0,0,34.20%,0,2,19.10%,2,4
53.90%,60,73,14.70%,14,27,75.40%,44,45,8.70%,0,7,64.70%,4,7,0.20%,0,0
69.80%,80,85,43.60%,28,37,53.90%,33,35,32.60%,0,4,49.80%,0,4,45.10%,2,3
66.10%,80,86,15.00%,14,21,18.20%,22,23,24.80%,0,7,22.30%,0,2,52.70%,4,5
51.80%,60,71,1.10%,0,13,76.50%,44,46,19.60%,0,4,45.10%,0,0,40.30%,2,4
75.00%,80,83,75.20%,42,54,7.30%,22,26,47.70%,8,9,23.30%,0,4,57.80%,4,5
85.10%,100,105,88.50%,56,63,2.40%,11,15,25.60%,0,5,62.50%,0,1,7.20%,0,0
80.40%,100,102,49.30%,28,32,31.50%,22,30,62.90%,8,10,11.20%,0,0,37.10%,2,3
71.40%,80,86,61.90%,28,42,23.50%,22,28,72.80%,8,11,82.30%,4,8,82.00%,4,6
7.60%,20,30,26.20%,14,24,41.70%,33,36,69.80%,8,12,87.10%,4,7,33.00%,2,3
21.40%,40,54,65.60%,42,47,85.50%,44,48,89.40%,16,24,42.00%,0,4,58.90%,4,6
86.80%,100,110,35.80%,28,39,7.90%,22,24,53.00%,8,10,92.60%,8,11,56.70%,4,5
16.10%,40,43,87.30%,56,57,68.80%,44,55,35.20%,0,6,34.10%,0,4,56.00%,4,5
24.90%,40,55,2.60%,0,10,16.60%,22,28,19.20%,0,2,36.50%,0,1,67.50%,4,5
81.30%,100,107,85.30%,42,48,5.70%,11,20,30.40%,0,0,60.00%,0,2,92.60%,6,7
52.60%,60,70,70.50%,42,50,90.40%,55,60,19.90%,0,7,36.30%,0,2,9.50%,0,0
10.00%,40,46,70.50%,42,51,32.50%,22,25,57.30%,8,16,58.80%,0,2,58.40%,4,6
25.70%,40,51,19.80%,14,25,56.80%,33,38,52.60%,8,9,6.90%,0,2,23.20%,2,3
98.60%,160,180,57.00%,28,29,16.20%,22,30,30.50%,0,6,11.10%,0,4,95.50%,6,8
97.90%,140,145,86.30%,56,67,43.10%,33,40,76.60%,8,9,5.60%,0,4,71.70%,4,6
53.20%,60,71,9.10%,14,19,36.50%,33,39,61.60%,8,9,82.90%,4,7,42.80%,2,4
30.80%,60,73,37.00%,28,35,2.30%,11,18,43.60%,8,13,33.10%,0,3,60.10%,4,5
46.00%,60,62,34.40%,28,38,94.00%,55,65,86.20%,16,18,90.80%,8,9,92.30%,6,8
37.70%,60,64,50.80%,28,36,2.00%,11,18,65.90%,8,10,36.10%,0,3,25.60%,2,3
54.10%,60,69,29.60%,14,25,84.30%,44,51,19.20%,0,3,37.50%,0,1,23.30%,2,3
31.10%,60,62,58.40%,28,39,79.80%,44,47,9.50%,0,8,22.00%,0,1,49.80%,4,6
80.50%,100,109,61.20%,28,36,76.10%,44,51,3.90%,0,2,52.90%,0,3,70.90%,4,5
44.20%,60,74,7.00%,14,17,29.60%,22,28,6.00%,0,8,55.70%,0,0,15.90%,2,3
96.60%,140,149,65.20%,42,54,21.60%,22,24,73.00%,8,16,33.00%,0,2,76.00%,4,5
74.50%,80,100,18.30%,14,25,68.90%,44,47,48.50%,8,14,8.30%,0,2,43.10%,2,3
22.90%,40,47,46.10%,28,35,93.00%,55,58,61.40%,8,10,78.30%,4,5,79.10%,4,5
56.10%,80,91,58.50%,28,37,10.40%,22,33,51.70%,8,15,65.90%,4,7,78.20%,4,6
21.40%,40,48,31.60%,28,39,74.20%,44,45,27.50%,0,7,82.20%,4,7,90.70%,6,8
44.50%,60,79,80.30%,42,50,37.80%,33,42,62.70%,8,12,5.40%,0,1,84.00%,6,8
47.70%,60,67,23.90%,14,21,37.30%,33,40,39.20%,0,5,6.60%,0,3,57.90%,4,5
11.70%,40,53,36.40%,28,34,64.10%,33,38,57.70%,8,13,39.40%,0,0,10.30%,2,4
20.10%,40,49,83.20%,42,54,41.50%,33,40,92.60%,16,20,45.80%,0,3,10.60%,2,3
35.70%,60,62,84.40%,42,50,9.90%,22,32,40.70%,0,5,11.30%,0,3,62.80%,4,6
40.40%,60,61,38.30%,28,34,11.20%,22,25,87.80%,16,24,12.50%,0,1,96.30%,6,8
53.00%,60,68,92.00%,56,63,21.80%,22,33,91.70%,16,21,61.50%,0,4,62.70%,4,5
8.60%,20,32,77.90%,42,56,77.80%,44,46,25.90%,0,1,86.80%,4,8,84.00%,6,7
49.30%,60,73,17.40%,14,26,1.40%,11,18,9.90%,0,8,41.70%,0,0,33.70%,2,3
66.00%,80,96,19.30%,14,18,0.40%,11,19,91.00%,16,19,34.00%,0,1,72.60%,4,5
51.60%,60,64,45.10%,28,33,14.80%,22,33,75.10%,8,10,32.20%,0,4,98.90%,8,9
76.30%,100,119,28.30%,14,26,79.50%,44,54,99.80%,48,55,88.40%,8,9,44.10%,2,4
41.20%,60,68,39.40%,28,39,14.70%,22,27,26.00%,0,6,64.20%,4,7,76.60%,4,5
79.60%,100,114,11.10%,14,24,34.90%,33,38,54.60%,8,11,92.80%,8,9,77.30%,4,6
34.90%,60,64,88.60%,56,60,44.60%,33,36,43.40%,8,16,75.20%,4,6,45.10%,2,3
78.00%,100,110,64.40%,42,51,52.50%,33,39,80.30%,8,12,13.40%,0,1,30.50%,2,4
33.30%,60,73,97.30%,70,77,3.60%,11,12,61.90%,8,9,80.50%,4,8,71.00%,4,5
1.80%,20,21,48.40%,28,42,9.10%,22,23,54.70%,8,16,83.50%,4,8,94.60%,6,8
52.20%,60,75,88.60%,56,68,64.60%,33,43,10.40%,0,3,48.40%,0,4,78.50%,4,6
72.30%,80,88,90.20%,56,66,34.00%,33,38,90.00%,16,24,55.20%,0,4,59.00%,4,5
58.90%,80,95,73.50%,42,44,33.10%,22,27,69.20%,8,12,56.50%,0,1,64.30%,4,6
77.50%,100,113,71.50%,42,43,50.40%,33,34,46.30%,8,13,45.60%,0,2,60.60%,4,6
1.80%,20,34,44.20%,28,39,82.70%,44,46,86.40%,16,17,30.00%,0,0,22.10%,2,3
90.10%,120,137,72.70%,42,54,97.50%,66,73,0.60%,0,2,58.40%,0,2,50.90%,4,6
51.00%,60,72,67.80%,42,46,36.70%,33,44,36.60%,0,4,31.70%,0,3,57.80%,4,5
31.50%,60,76,17.60%,14,19,45.20%,33,34,53.40%,8,15,74.20%,4,5,0.10%,0,0
60.40%,80,91,72.30%,42,52,6.00%,11,13,50.00%,8,13,64.40%,4,8,10.90%,2,4
54.00%,60,80,60.40%,28,42,81.70%,44,48,85.80%,16,23,68.40%,4,6,35.70%,2,3
97.60%,140,159,86.00%,56,61,44.70%,33,42,37.60%,0,7,51.50%,0,4,4.50%,0,2
39.30%,60,79,23.50%,14,24,54.90%,33,35,30.50%,0,6,68.00%,4,5,93.70%,6,7
90.90%,120,123,54.90%,28,42,88.30%,55,60,97.30%,24,26,86.60%,4,6,58.80%,4,6
62.50%,80,84,94.50%,56,70,41.40%,33,44,48.60%,8,11,3.10%,0,0,47.50%,4,5
81.40%,100,115,14.30%,14,27,87.40%,55,64,67.20%,8,13,47.40%,0,3,12.50%,2,4
31.70%,60,66,28.50%,14,28,77.90%,44,54,10.00%,0,2,66.40%,4,6,16.00%,2,4
82.70%,100,102,53.10%,28,33,7.80%,22,28,94.50%,24,25,7.20%,0,2,14.00%,2,3
90.80%,120,133,40.40%,28,35,38.00%,33,35,26.80%,0,6,25.00%,0,0,47.40%,4,6
96.20%,140,152,92.60%,56,69,6.00%,11,12,92.00%,16,19,63.30%,0,4,72.20%,4,5
60.90%,80,90,71.50%,42,48,45.30%,33,34,28.20%,0,1,70.10%,4,6,43.80%,2,4
72.20%,80,92,14.60%,14,18,0.20%,11,17,43.60%,8,10,36.30%,0,3,13.50%,2,4
60.90%,80,89,38.10%,28,36,51.80%,33,44,71.50%,8,15,32.90%,0,3,15.40%,2,4
76.80%,100,107,57.00%,28,40,94.50%,55,66,99.50%,40,45,64.20%,4,7,82.60%,4,5
65.80%,80,100,35.60%,28,39,69.20%,44,55,53.10%,8,13,2.70%,0,4,24.70%,2,4
18.00%,40,45,23.90%,14,21,90.20%,55,56,28.10%,0,6,37.90%,0,3,54.10%,4,5
80.90%,100,104,41.40%,28,38,20.60%,22,26,87.10%,16,20,87.70%,8,10,74.80%,4,5
13.60%,40,60,17.60%,14,22,71.70%,44,50,16.90%,0,5,88.40%,8,10,33.70%,2,3
87.30%,120,134,3.50%,0,3,96.10%,66,70,20.70%,0,4,19.50%,0,0,62.80%,4,5
64.20%,80,84,29.60%,14,16,23.70%,22,32,43.90%,8,12,63.50%,0,3,85.40%,6,7
54.90%,80,93,93.60%,56,65,85.60%,44,48,22.10%,0,4,27.80%,0,1,27.00%,2,4
26.00%,40,55,46.10%,28,30,39.80%,33,41,83.90%,16,24,3.20%,0,3,13.20%,2,3
1.10%,20,37,54.40%,28,33,59.70%,33,42,22.50%,0,5,36.10%,0,1,79.40%,4,6
2.00%,20,36,53.20%,28,35,77.00%,44,48,37.20%,0,3,83.10%,4,8,87.50%,6,7
22.60%,40,41,64.40%,42,45,47.40%,33,38,95.90%,24,27,35.30%,0,3,3.90%,0,1
52.10%,60,71,2.20%,0,10,12.00%,22,25,6.60%,0,4,3.90%,0,1,44.50%,2,4
55.90%,80,100,49.30%,28,34,65.60%,33,44,78.60%,8,14,11.00%,0,3,71.90%,4,6
57.40%,80,98,32.80%,28,39,27.90%,22,30,64.80%,8,13,40.60%,0,0,42.40%,2,4
95.60%,140,151,56.40%,28,34,23.90%,22,28,55.80%,8,16,60.10%,0,0,64.60%,4,6
79.10%,100,108,95.30%,56,62,5.00%,11,14,90.50%,16,23,49.40%,0,3,30.80%,2,3
23.60%,40,60,24.20%,14,20,86.20%,44,54,71.60%,8,11,79.70%,4,6,8.20%,0,0
65.40%,80,83,77.20%,42,54,15.10%,22,30,61.70%,8,13,92.80%,8,9,22.30%,2,4
17.60%,40,55,73.80%,42,49,26.00%,22,31,62.70%,8,13,20.10%,0,1,95.10%,6,8
75.10%,80,96,80.30%,42,48,76.30%,44,53,47.00%,8,13,65.60%,4,7,76.80%,4,6
2.70%,20,29,32.90%,28,38,93.30%,55,57,15.80%,0,2,13.40%,0,1,62.20%,4,5
64.50%,80,99,10.00%,14,21,66.20%,33,36,55.40%,8,11,49.70%,0,1,17.20%,2,4
94.70%,140,155,34.70%,28,33,62.20%,33,43,14.60%,0,6,52.10%,0,1,3.40%,0,0
4.30%,20,25,20.30%,14,18,57.00%,33,36,99.30%,40,47,57.70%,0,4,78.80%,4,5
34.00%,60,75,61.10%,28,33,4.60%,11,12,81.90%,16,23,43.30%,0,2,15.90%,2,3
35.60%,60,76,67.90%,42,46,78.10%,44,48,90.90%,16,24,28.60%,0,4,0.00%,0,0
3.40%,20,36,1.00%,0,12,17.20%,22,33,31.40%,0,7,97.90%,12,14,34.50%,2,4
4.30%,20,35,1.00%,0,13,69.70%,44,50,60.00%,8,14,64.80%,4,6,31.50%,2,3
28.80%,60,66,62.80%,28,29,75.10%,44,55,2.40%,0,8,68.10%,4,8,30.70%,2,4
36.90%,60,66,70.40%,42,50,46.70%,33,40,37.70%,0,6,44.40%,0,0,78.30%,4,6
14.20%,40,44,91.20%,56,62,47.30%,33,41,39.00%,0,4,79.00%,4,7,68.50%,4,6
77.60%,100,105,72.30%,42,49,44.10%,33,43,46.40%,8,15,58.10%,0,3,74.70%,4,6
41.30%,60,72,53.20%,28,38,21.70%,22,31,38.00%,0,5,44.60%,0,4,14.20%,2,4
34.90%,60,69,22.30%,14,20,92.70%,55,57,36.80%,0,7,10.50%,0,3,15.50%,2,4
32.70%,60,72,43.50%,28,37,76.60%,44,48,13.80%,0,4,28.30%,0,1,9.60%,0,0
5.80%,20,39,3.00%,0,3,46.80%,33,36,0.80%,0,8,31.40%,0,1,12.80%,2,4
54.00%,60,73,29.90%,28,29,30.50%,22,30,92.70%,16,24,39.30%,0,2,93.70%,6,8
13.90%,40,58,22.60%,14,19,8.50%,22,27,3.00%,0,3,94.70%,8,9,12.20%,2,4
97.10%,140,155,94.70%,56,61,83.00%,44,46,67.20%,8,10,20.00%,0,1,16.00%,2,3
23.50%,40,44,82.90%,42,49,14.10%,22,33,27.50%,0,4,57.90%,0,2,78.20%,4,6
90.30%,120,139,84.20%,42,52,57.30%,33,40,29.10%,0,4,6.00%,0,3,36.60%,2,3
53.10%,60,70,46.30%,28,40,57.00%,33,41,46.20%,8,13,75.60%,4,5,26.60%,2,3
44.00%,60,74,44.20%,28,42,9.20%,22,27,78.50%,8,12,61.80%,0,1,66.60%,4,6
98.90%,160,161,66.10%,42,47,38.50%,33,39,25.50%,0,6,90.40%,8,12,68.30%,4,5
8.90%,20,32,6.40%,14,18,99.80%,88,90,48.90%,8,12,43.30%,0,3,49.10%,4,6
95.40%,140,157,41.40%,28,33,79.20%,44,48,85.40%,16,24,79.20%,4,5,77.90%,4,6
94.40%,120,137,81.90%,42,43,46.60%,33,37,13.20%,0,2,92.80%,8,10,16.30%,2,3
57.50%,80,89,62.30%,28,30,89.10%,55,64,88.30%,16,21,61.90%,0,3,85.80%,6,8
86.10%,100,116,87.80%,56,57,90.80%,55,61,72.20%,8,13,76.90%,4,8,21.10%,2,3
99.30%,160,179,30.20%,28,35,39.90%,33,40,34.60%,0,7,26.90%,0,4,22.90%,2,4
92.10%,120,140,66.20%,42,48,91.00%,55,58,95.00%,24,26,59.00%,0,1,41.70%,2,3
48.80%,60,78,95.70%,70,74,63.50%,33,43,68.10%,8,12,7.30%,0,2,23.80%,2,4
39.10%,60,70,65.70%,42,54,31.90%,22,30,69.30%,8,11,4.40%,0,0,80.60%,4,6
53.90%,60,78,32.80%,28,39,18.70%,22,31,8.80%,0,5,17.80%,0,4,14.30%,2,3
73.40%,80,99,54.20%,28,35,86.90%,55,57,34.40%,0,1,24.80%,0,0,36.40%,2,3
0.40%,0,5,15.20%,14,19,55.50%,33,35,54.90%,8,13,58.20%,0,2,94.30%,6,8
2.90%,20,27,68.80%,42,44,64.80%,33,39,76.70%,8,13,43.20%,0,2,65.70%,4,5
60.20%,80,99,38.80%,28,29,77.60%,44,52,53.30%,8,14,78.30%,4,7,52.10%,4,5
34.10%,60,70,0.20%,0,10,40.40%,33,35,58.90%,8,13,10.90%,0,4,77.90%,4,6
27.50%,40,48,19.20%,14,22,94.30%,55,56,94.20%,24,30,84.00%,4,5,66.90%,4,5
22.50%,40,55,66.50%,42,56,55.20%,33,39,49.90%,8,11,15.20%,0,3,22.50%,2,4
28.50%,60,78,34.90%,28,37,79.90%,44,55,32.90%,0,1,58.40%,0,4,16.10%,2,4
10.80%,40,43,61.20%,28,35,95.80%,66,69,25.80%,0,2,45.90%,0,1,49.00%,4,6
62.80%,80,96,67.30%,42,46,56.00%,33,39,84.20%,16,20,43.60%,0,4,98.20%,8,10
91.90%,120,128,43.10%,28,32,48.30%,33,38,93.80%,24,25,13.60%,0,1,89.10%,6,8
19.90%,40,57,62.00%,28,36,8.80%,22,27,23.70%,0,0,19.30%,0,1,25.90%,2,3
88.70%,120,128,67.20%,42,48,46.80%,33,42,48.00%,8,16,54.40%,0,4,63.80%,4,5
52.50%,60,77,95.90%,70,81,76.30%,44,53,21.80%,0,2,85.80%,4,5,56.00%,4,6
25.70%,40,44,71.40%,42,51,38.20%,33,36,38.40%,0,4,0.40%,0,0,31.00%,2,4
64.00%,80,100,12.10%,14,20,35.20%,33,43,40.80%,0,6,60.70%,0,1,6.60%,0,2
3.90%,20,30,44.60%,28,38,75.10%,44,45,7.30%,0,7,6.80%,0,1,18.50%,2,3
20.90%,40,52,15.60%,14,16,91.60%,55,63,34.60%,0,2,82.80%,4,6,12.10%,2,3
23.40%,40,54,82.70%,42,48,82.40%,44,49,19.70%,0,3,92.40%,8,11,53.70%,4,5
17.20%,40,57,99.20%,84,95,14.50%,22,28,98.50%,32,33,58.50%,0,0,52.80%,4,5
12.40%,40,47,4.40%,14,23,85.50%,44,51,85.00%,16,19,1.70%,0,3,59.80%,4,5
37.00%,60,61,69.30%,42,43,22.20%,22,31,26.80%,0,8,14.70%,0,0,60.00%,4,5
49.10%,60,63,92.80%,56,59,84.30%,44,52,61.30%,8,13,10.30%,0,0,28.30%,2,4
88.60%,120,121,28.90%,14,28,51.40%,33,40,44.60%,8,13,42.00%,0,3,73.30%,4,6
55.30%,80,82,44.60%,28,30,40.80%,33,43,87.40%,16,23,55.70%,0,0,38.60%,2,4
33.20%,60,76,47.80%,28,40,68.70%,44,53,89.50%,16,21,26.20%,0,4,34.80%,2,4
28.70%,60,78,67.80%,42,43,62.00%,33,39,48.10%,8,15,79.90%,4,6,31.10%,2,4
47.00%,60,67,74.40%,42,55,53.30%,33,44,34.30%,0,4,20.00%,0,4,69.80%,4,6
64.50%,80,83,47.60%,28,39,78.90%,44,55,7.40%,0,0,29.30%,0,1,97.50%,8,10
14.60%,40,44,17.90%,14,25,27.40%,22,33,70.90%,8,14,59.20%,0,1,56.90%,4,5
36.60%,60,61,86.30%,56,67,17.90%,22,28,29.90%,0,6,93.00%,8,11,17.20%,2,4
44.70%,60,65,11.80%,14,22,14.50%,22,33,3.60%,0,0,76.60%,4,7,45.70%,2,4
14.90%,40,46,92.80%,56,64,35.20%,33,34,19.80%,0,7,30.30%,0,0,21.40%,2,3
67.20%,80,82,92.00%,56,58,52.70%,33,42,83.20%,16,23,33.30%,0,0,95.00%,6,7
27.80%,40,44,82.40%,42,47,25.70%,22,31,88.50%,16,24,61.80%,0,4,18.70%,2,3
31.80%,60,80,4.70%,14,22,7.60%,22,27,87.50%,16,24,99.20%,16,18,71.00%,4,5
51.30%,60,78,47.60%,28,42,82.50%,44,55,70.10%,8,12,92.70%,8,10,65.90%,4,6
19.00%,40,59,78.80%,42,45,81.00%,44,48,21.50%,0,1,81.80%,4,7,43.80%,2,4
50.00%,60,61,35.60%,28,42,54.30%,33,36,58.90%,8,10,22.60%,0,0,81.90%,4,6
15.80%,40,48,35.70%,28,32,34.10%,33,40,79.20%,8,12,64.10%,4,8,29.10%,2,3
83.20%,100,110,42.40%,28,32,39.70%,33,37,89.50%,16,19,46.40%,0,1,66.10%,4,6
35.80%,60,76,91.50%,56,65,9.60%,22,32,11.10%,0,0,71.30%,4,6,45.70%,2,4
56.90%,80,85,5.50%,14,16,57.10%,33,40,97.60%,24,32,76.00%,4,8,36.80%,2,4
18.50%,40,51,68.50%,42,52,84.00%,44,50,64.00%,8,13,4.60%,0,2,54.20%,4,5
72.20%,80,92,83.80%,42,54,4.90%,11,21,29.40%,0,4,64.60%,4,8,22.90%,2,4
32.10%,60,69,51.10%,28,32,67.80%,33,40,52.30%,8,9,30.90%,0,0,38.00%,2,4
33.50%,60,74,97.40%,70,79,63.00%,33,34,51.50%,8,16,82.60%,4,5,21.20%,2,4
12.10%,40,48,92.90%,56,68,78.80%,44,52,72.00%,8,14,8.20%,0,4,27.10%,2,4
9.10%,40,44,12.20%,14,20,8.60%,22,31,90.20%,16,23,88.80%,8,12,53.40%,4,6
65.20%,80,82,18.60%,14,15,49.50%,33,40,26.10%,0,1,90.80%,8,11,98.30%,8,10
32.50%,60,76,83.30%,42,44,20.70%,22,24,90.90%,16,19,68.20%,4,6,65.50%,4,6
77.80%,100,105,46.40%,28,39,29.80%,22,24,87.00%,16,23,40.20%,0,3,34.20%,2,3
9.00%,40,44,62.50%,28,33,92.00%,55,66,87.10%,16,21,13.60%,0,3,94.30%,6,8
32.90%,60,67,6.10%,14,27,84.40%,44,51,41.70%,8,9,84.00%,4,8,72.20%,4,6
19.00%,40,43,0.20%,0,0,64.00%,33,44,36.30%,0,1,29.60%,0,0,83.50%,6,7
9.60%,40,42,29.80%,28,32,23.70%,22,29,14.90%,0,4,72.80%,4,8,12.60%,2,3
39.40%,60,66,43.10%,28,32,67.80%,33,44,82.90%,16,24,37.90%,0,4,45.60%,2,3
40.10%,60,79,69.60%,42,55,2.30%,11,14,48.20%,8,12,96.20%,12,15,10.30%,2,4
16.50%,40,46,85.90%,56,58,84.10%,44,46,28.60%,0,1,76.90%,4,8,0.00%,0,0
10.40%,40,51,32.40%,28,33,61.50%,33,40,65.00%,8,10,6.30%,0,0,93.60%,6,8
29.20%,60,67,12.90%,14,21,31.00%,22,31,91.40%,16,17,66.90%,4,8,47.70%,4,5
8.10%,20,28,58.30%,28,29,17.20%,22,25,9.60%,0,3,58.00%,0,1,12.10%,2,3
47.50%,60,66,19.20%,14,26,19.80%,22,31,57.90%,8,9,88.80%,8,10,95.40%,6,7
56.20%,80,87,63.00%,28,33,12.70%,22,25,19.00%,0,3,3.40%,0,4,33.50%,2,3
99.40%,160,179,92.70%,56,63,46.70%,33,43,47.40%,8,9,88.10%,8,11,89.00%,6,8
0.90%,0,19,5.50%,14,28,89.80%,55,62,44.80%,8,14,61.20%,0,4,71.90%,4,5
69.00%,80,96,82.70%,42,47,1.10%,11,17,96.90%,24,30,8.20%,0,1,34.10%,2,3
89.00%,120,128,37.00%,28,33,17.40%,22,24,70.40%,8,11,23.30%,0,3,69.00%,4,6
97.10%,140,144,19.50%,14,26,59.90%,33,44,23.10%,0,0,28.10%,0,1,55.90%,4,6
9.20%,40,51,74.10%,42,46,52.80%,33,34,58.70%,8,11,47.50%,0,2,50.80%,4,5
6.00%,20,25,65.60%,42,45,10.20%,22,30,57.90%,8,16,55.70%,0,4,6.30%,0,1
86.20%,100,102,6.10%,14,26,62.10%,33,36,93.50%,16,21,34.40%,0,0,60.30%,4,5
13.30%,40,49,20.20%,14,27,38.90%,33,36,64.60%,8,15,37.40%,0,4,46.20%,2,4
87.90%,120,133,31.90%,28,36,75.10%,44,48,56.50%,8,10,60.60%,0,3,51.80%,4,5
1.30%,20,34,92.20%,56,64,57.40%,33,37,25.50%,0,5,89.90%,8,9,0.30%,0,0
87.40%,120,140,28.80%,14,23,77.30%,44,54,63.70%,8,16,5.10%,0,4,96.00%,6,8
11.30%,40,54,52.10%,28,29,84.00%,44,48,15.20%,0,3,43.30%,0,2,85.90%,6,7
65.20%,80,95,25.50%,14,24,19.70%,22,30,11.00%,0,6,74.70%,4,7,56.90%,4,5
7.50%,20,21,65.70%,42,50,4.00%,11,20,98.60%,32,36,5.40%,0,1,90.40%,6,7
11.00%,40,60,70.20%,42,52,62.40%,33,42,88.60%,16,24,18.70%,0,0,13.60%,2,4
96.20%,140,159,35.30%,28,30,9.50%,22,29,92.60%,16,24,59.30%,0,4,8.10%,0,2
55.70%,80,94,30.90%,28,41,1.80%,11,14,73.40%,8,12,15.00%,0,1,99.50%,10,12
69.50%,80,100,86.60%,56,66,2.20%,11,20,14.10%,0,8,15.90%,0,2,26.20%,2,4
78.90%,100,102,89.60%,56,70,14.50%,22,24,22.40%,0,8,38.10%,0,3,57.50%,4,5
13.70%,40,47,82.90%,42,48,34.20%,33,40,82.70%,16,24,34.40%,0,3,76.80%,4,5
85.50%,100,115,12.50%,14,19,83.80%,44,50,56.40%,8,14,59.70%,0,4,81.70%,4,5
61.80%,80,95,19.90%,14,15,64.40%,33,37,14.10%,0,2,33.30%,0,1,76.10%,4,5
74.50%,80,98,20.90%,14,18,54.40%,33,35,32.90%,0,2,49.00%,0,2,28.80%,2,4
71.40%,80,96,10.90%,14,20,93.60%,55,66,25.00%,0,6,84.10%,4,5,60.70%,4,5
6.40%,20,25,89.10%,56,60,56.70%,33,38,90.60%,16,22,72.40%,4,6,14.30%,2,3
67.60%,80,84,60.10%,28,42,18.10%,22,33,59.70%,8,9,22.40%,0,0,87.10%,6,8
3.50%,20,22,76.00%,42,48,72.10%,44,48,60.80%,8,10,42.20%,0,1,11.20%,2,4
38.40%,60,79,3.10%,0,1,24.00%,22,32,62.20%,8,9,43.60%,0,1,96.40%,6,7
15.00%,40,43,11.60%,14,22,42.10%,33,35,53.40%,8,16,49.00%,0,0,52.90%,4,5
14.90%,40,48,62.10%,28,41,51.30%,33,36,94.10%,24,28,79.50%,4,7,98.40%,8,9
89.80%,120,134,2.50%,0,2,83.60%,44,47,61.70%,8,14,60.30%,0,3,43.20%,2,4
98.80%,160,161,87.40%,56,66,55.30%,33,42,44.10%,8,15,49.10%,0,3,7.40%,0,2
10.60%,40,53,85.60%,42,51,14.80%,22,25,96.00%,24,30,71.70%,4,7,26.60%,2,3
11.80%,40,51,90.60%,56,63,3.10%,11,15,3.80%,0,5,53.80%,0,3,60.60%,4,5
35.50%,60,65,14.30%,14,17,78.40%,44,45,48.60%,8,13,18.20%,0,1,89.90%,6,7
94.00%,120,130,76.20%,42,47,84.30%,44,50,87.40%,16,24,59.40%,0,3,85.30%,6,8
22.80%,40,47,27.10%,14,24,91.80%,55,59,48.80%,8,16,58.80%,0,3,8.20%,0,2
55.80%,80,99,63.00%,28,35,9.10%,22,30,31.10%,0,8,10.60%,0,2,90.70%,6,7
0.60%,0,17,64.00%,42,53,62.00%,33,42,60.20%,8,14,29.40%,0,4,16.40%,2,3
18.10%,40,47,16.40%,14,16,1.70%,11,16,5.50%,0,8,98.60%,16,18,72.20%,4,5
17.00%,40,42,32.30%,28,30,53.90%,33,43,69.20%,8,11,62.60%,0,2,54.00%,4,6
27.20%,40,45,52.60%,28,32,67.20%,33,39,45.50%,8,15,10.30%,0,1,18.30%,2,4
3.40%,20,30,73.10%,42,53,42.80%,33,40,64.30%,8,15,10.50%,0,4,99.10%,10,12
0.70%,0,13,91.80%,56,57,84.90%,44,52,50.00%,8,12,17.00%,0,3,31.50%,2,3
36.10%,60,74,48.40%,28,29,66.70%,33,34,6.10%,0,4,19.50%,0,3,48.20%,4,5
16.50%,40,55,48.20%,28,29,51.80%,33,39,90.90%,16,24,61.10%,0,0,62.50%,4,6
30.00%,60,62,45.40%,28,41,90.50%,55,60,67.10%,8,9,13.80%,0,2,17.40%,2,4
39.20%,60,80,21.80%,14,17,70.20%,44,45,19.20%,0,4,39.30%,0,3,33.90%,2,4
70.30%,80,83,81.50%,42,44,45.70%,33,39,94.60%,24,25,77.50%,4,8,26.20%,2,3
73.80%,80,87,63.00%,28,32,65.40%,33,41,87.70%,16,20,89.10%,8,12,6.50%,0,1
41.30%,60,78,85.20%,42,49,99.40%,77,84,42.80%,8,16,37.70%,0,0,59.50%,4,6
24.40%,40,59,7.30%,14,26,74.20%,44,48,22.60%,0,3,92.60%,8,9,34.00%,2,4
55.10%,80,95,43.60%,28,38,67.10%,33,42,61.00%,8,15,31.50%,0,1,10.80%,2,4
16.30%,40,59,22.80%,14,26,83.90%,44,52,83.20%,16,21,57.20%,0,2,31.20%,2,3
9.50%,40,51,12.40%,14,25,20.00%,22,23,12.50%,0,8,93.90%,8,12,39.20%,2,3
36.80%,60,68,75.50%,42,56,32.90%,22,24,14.20%,0,5,84.90%,4,5,67.30%,4,5
86.40%,100,116,42.40%,28,31,60.20%,33,37,17.30%,0,1,78.90%,4,8,92.00%,6,7
76.70%,100,106,64.90%,42,46,22.30%,22,30,11.20%,0,2,54.70%,0,2,2.00%,0,2
74.40%,80,85,20.10%,14,19,86.80%,55,61,2.60%,0,5,70.10%,4,8,64.80%,4,6
76.50%,100,119,91.40%,56,65,92.20%,55,61,42.50%,8,15,35.90%,0,0,45.50%,2,3
6.00%,20,36,40.80%,28,29,28.80%,22,24,41.50%,8,12,65.00%,4,7,97.30%,8,10
24.30%,40,55,23.10%,14,27,19.90%,22,27,44.40%,8,11,76.40%,4,6,1.90%,0,0
4.20%,20,25,44.50%,28,32,55.40%,33,41,86.00%,16,22,11.40%,0,1,24.90%,2,3
30.60%,60,65,16.00%,14,21,90.00%,55,61,98.60%,32,37,44.10%,0,0,91.00%,6,8
55.70%,80,86,72.60%,42,51,42.50%,33,43,96.90%,24,29,28.00%,0,4,51.90%,4,5
47.60%,60,68,83.10%,42,51,19.00%,22,30,96.70%,24,29,5.20%,0,1,46.20%,2,3
68.70%,80,94,24.60%,14,17,83.10%,44,55,60.70%,8,12,58.10%,0,0,53.20%,4,6
75.90%,100,118,4.20%,14,18,40.00%,33,34,82.90%,16,21,10.80%,0,3,7.00%,0,1
19.30%,40,44,77.20%,42,47,3.50%,11,12,22.60%,0,2,66.60%,4,6,2.00%,0,0
42.30%,60,75,39.80%,28,34,91.00%,55,62,59.30%,8,9,16.10%,0,1,14.70%,2,4
74.70%,80,89,16.00%,14,26,30.50%,22,31,57.70%,8,11,19.90%,0,1,15.40%,2,3
57.60%,80,94,59.40%,28,37,41.50%,33,43,53.60%,8,11,35.80%,0,2,47.40%,4,6
73.20%,80,97,35.10%,28,37,46.30%,33,36,33.40%,0,6,49.10%,0,0,80.40%,4,5
9.40%,40,47,6.80%,14,21,46.20%,33,43,36.80%,0,4,19.20%,0,1,91.50%,6,8
97.40%,140,151,81.60%,42,45,34.50%,33,40,71.40%,8,16,38.80%,0,3,15.40%,2,4
89.90%,120,138,82.10%,42,51,11.50%,22,30,61.50%,8,10,35.50%,0,3,11.60%,2,4
41.90%,60,69,18.10%,14,24,48.10%,33,35,3.40%,0,3,54.60%,0,1,25.70%,2,3
32.00%,60,65,80.30%,42,54,49.10%,33,40,81.40%,16,24,72.40%,4,6,3.70%,0,2
41.80%,60,71,26.10%,14,19,7.80%,22,26,0.50%,0,2,86.60%,4,5,53.90%,4,6
68.60%,80,91,76.70%,42,52,62.10%,33,43,26.50%,0,3,36.70%,0,1,66.40%,4,5
16.00%,40,56,38.10%,28,37,34.70%,33,40,75.20%,8,12,84.40%,4,8,29.80%,2,4
64.20%,80,90,81.30%,42,48,46.30%,33,34,10.00%,0,6,97.50%,12,16,15.30%,2,3
1.50%,20,27,58.70%,28,42,45.40%,33,42,49.40%,8,14,75.80%,4,6,85.00%,6,7
0.20%,0,2,9.20%,14,22,19.90%,22,30,62.30%,8,15,45.40%,0,3,60.90%,4,6
17.60%,40,41,76.70%,42,47,45.60%,33,35,24.10%,0,6,14.70%,0,4,73.70%,4,6
37.90%,60,77,66.20%,42,50,11.00%,22,29,32.80%,0,3,54.40%,0,3,36.90%,2,3
45.70%,60,67,64.70%,42,53,81.20%,44,52,83.90%,16,22,13.20%,0,4,5.60%,0,1
4.40%,20,27,40.10%,28,37,18.20%,22,25,5.80%,0,0,93.10%,8,11,86.10%,6,8
17.80%,40,47,95.80%,70,80,82.50%,44,46,31.20%,0,4,63.50%,0,4,31.80%,2,4
64.20%,80,81,14.90%,14,18,97.50%,66,76,7.60%,0,7,37.50%,0,4,84.00%,6,7
50.80%,60,79,43.80%,28,39,19.70%,22,30,59.60%,8,16,8.90%,0,0,84.40%,6,7
60.90%,80,98,94.00%,56,61,74.00%,44,53,70.30%,8,11,18.80%,0,1,0.60%,0,1
97.20%,140,158,84.80%,42,56,3.60%,11,19,64.20%,8,16,30.30%,0,3,70.50%,4,5
80.30%,100,110,83.80%,42,52,0.30%,11,16,89.60%,16,19,84.40%,4,7,30.00%,2,4
14.40%,40,41,23.50%,14,28,85.20%,44,48,37.70%,0,0,67.20%,4,6,79.50%,4,6
35.90%,60,68,62.50%,28,37,99.50%,88,90,96.60%,24,28,54.30%,0,3,32.80%,2,3
9.70%,40,52,79.90%,42,44,39.80%,33,42,45.20%,8,9,34.00%,0,2,37.30%,2,3
77.20%,100,101,34.20%,28,33,12.30%,22,24,35.60%,0,4,3.50%,0,1,72.60%,4,5
30.90%,60,61,90.20%,56,69,70.40%,44,50,85.20%,16,22,19.80%,0,0,24.10%,2,3
44.60%,60,76,83.90%,42,45,88.20%,55,60,44.50%,8,15,38.40%,0,2,51.20%,4,6
60.70%,80,91,95.90%,70,76,4.70%,11,13,86.40%,16,24,6.00%,0,1,42.30%,2,3
19.40%,40,54,31.70%,28,39,78.70%,44,46,85.00%,16,17,59.70%,0,4,56.20%,4,6
83.90%,100,102,86.80%,56,58,39.60%,33,39,8.60%,0,2,37.20%,0,0,59.60%,4,5
70.60%,80,93,79.80%,42,51,57.90%,33,41,29.40%,0,5,9.00%,0,1,85.00%,6,7
27.40%,40,46,50.40%,28,29,42.30%,33,34,8.40%,0,5,25.70%,0,1,60.90%,4,5
56.90%,80,83,41.90%,28,40,53.90%,33,37,33.60%,0,1,79.60%,4,6,73.00%,4,6
12.10%,40,42,17.40%,14,17,37.50%,33,37,9.00%,0,0,38.80%,0,3,75.80%,4,6
95.30%,140,158,85.40%,42,53,30.40%,22,25,80.70%,8,14,78.70%,4,7,67.70%,4,6
64.30%,80,96,22.60%,14,25,3.60%,11,22,19.00%,0,2,71.50%,4,8,45.50%,2,3
17.10%,40,48,36.10%,28,34,77.10%,44,48,87.00%,16,22,75.40%,4,6,91.40%,6,7
34.40%,60,78,61.00%,28,40,82.90%,44,50,55.50%,8,16,56.40%,0,2,82.60%,4,6
61.60%,80,92,53.70%,28,34,74.00%,44,49,70.40%,8,12,30.70%,0,2,70.80%,4,6
5.00%,20,38,81.60%,42,51,76.80%,44,54,15.10%,0,8,45.20%,0,4,20.50%,2,3
56.50%,80,82,62.00%,28,40,93.00%,55,65,81.20%,16,18,18.90%,0,0,46.90%,4,6
77.20%,100,102,42.00%,28,37,81.30%,44,46,66.30%,8,12,49.80%,0,2,68.00%,4,5
30.90%,60,74,73.40%,42,43,42.20%,33,37,38.10%,0,3,41.80%,0,1,94.00%,6,7
43.40%,60,76,38.00%,28,35,95.10%,66,71,92.40%,16,17,73.10%,4,5,47.10%,4,6
43.70%,60,65,25.30%,14,27,67.10%,33,40,31.70%,0,3,35.00%,0,4,69.30%,4,6
35.70%,60,64,29.80%,28,29,72.30%,44,51,56.40%,8,9,57.30%,0,3,19.90%,2,3
72.70%,80,82,92.90%,56,61,93.20%,55,64,14.80%,0,4,64.10%,4,7,76.30%,4,5
3.90%,20,37,26.00%,14,23,38.10%,33,38,89.30%,16,18,23.90%,0,1,89.40%,6,8
48.90%,60,68,75.30%,42,53,57.50%,33,36,85.00%,16,20,28.10%,0,4,4.10%,0,0
11.90%,40,53,33.40%,28,36,40.60%,33,42,55.00%,8,15,69.40%,4,6,77.00%,4,5
66.60%,80,94,6.10%,14,17,84.60%,44,48,31.10%,0,3,84.70%,4,6,99.80%,12,14
35.20%,60,74,92.50%,56,62,99.40%,77,84,68.30%,8,13,89.80%,8,10,82.40%,4,5
8.00%,20,39,86.20%,56,59,32.90%,22,30,19.20%,0,0,97.90%,12,13,36.30%,2,4
15.70%,40,59,42.80%,28,38,55.30%,33,38,24.60%,0,1,51.30%,0,2,50.70%,4,6
82.40%,100,119,19.40%,14,15,2.70%,11,18,82.70%,16,22,9.10%,0,1,63.10%,4,5
48.80%,60,79,80.90%,42,43,36.10%,33,34,35.50%,0,8,66.20%,4,8,99.50%,10,11
41.70%,60,73,80.40%,42,51,50.00%,33,40,66.50%,8,9,47.20%,0,4,14.50%,2,3
87.40%,120,132,18.80%,14,25,74.10%,44,55,13.30%,0,8,4.50%,0,3,7.90%,0,0
51.30%,60,70,81.00%,42,52,94.30%,55,64,10.80%,0,8,5.70%,0,1,10.90%,2,4
1.80%,20,33,27.40%,14,18,37.20%,33,38,32.70%,0,0,31.40%,0,0,46.70%,2,4
10.00%,40,58,42.50%,28,30,33.40%,22,27,3.90%,0,4,40.00%,0,2,27.40%,2,4
94.30%,120,134,72.40%,42,48,39.60%,33,38,56.00%,8,10,47.10%,0,3,32.80%,2,4
33.30%,60,69,30.70%,28,29,43.50%,33,35,49.90%,8,14,85.60%,4,8,22.10%,2,4
67.10%,80,85,48.20%,28,31,38.20%,33,34,93.60%,16,23,70.00%,4,7,64.10%,4,5
98.50%,140,160,34.10%,28,38,32.40%,22,25,93.80%,24,25,15.50%,0,1,84.20%,6,8
87.00%,100,111,83.30%,42,48,23.00%,22,29,98.30%,32,40,17.40%,0,4,91.40%,6,7
38.00%,60,71,95.50%,56,63,54.60%,33,37,87.70%,16,24,87.20%,4,7,73.00%,4,6
67.50%,80,99,86.60%,56,58,92.50%,55,58,38.00%,0,2,6.50%,0,3,96.70%,8,9
41.00%,60,67,28.90%,14,26,66.20%,33,43,35.20%,0,8,27.70%,0,3,7.00%,0,0
48.10%,60,78,0.50%,0,3,16.80%,22,31,54.20%,8,10,49.90%,0,0,10.40%,2,4
58.50%,80,84,31.80%,28,31,73.70%,44,49,80.40%,8,16,81.60%,4,6,12.60%,2,3
55.60%,80,100,5.30%,14,25,56.60%,33,34,99.20%,32,34,17.80%,0,2,10.50%,2,4
5.50%,20,37,55.20%,28,29,4.10%,11,22,27.00%,0,6,34.90%,0,1,52.90%,4,5
57.00%,80,85,37.90%,28,30,64.40%,33,43,26.10%,0,6,50.90%,0,1,40.00%,2,3
30.40%,60,73,1.20%,0,7,14.80%,22,33,69.50%,8,15,9.80%,0,4,10.50%,2,3
1.40%,20,37,55.60%,28,38,82.60%,44,47,13.80%,0,1,66.40%,4,5,67.10%,4,6
83.00%,100,112,49.50%,28,36,73.00%,44,55,31.40%,0,4,30.20%,0,0,43.20%,2,3
98.00%,140,154,17.90%,14,28,16.20%,22,28,6.90%,0,7,7.60%,0,1,14.10%,2,3
41.80%,60,77,38.50%,28,32,31.50%,22,29,45.70%,8,11,21.70%,0,1,62.60%,4,6
20.70%,40,51,26.30%,14,22,15.60%,22,23,80.40%,8,13,58.70%,0,0,37.10%,2,3
47.50%,60,69,95.20%,56,58,24.60%,22,33,71.60%,8,16,69.10%,4,7,94.20%,6,8
84.30%,100,116,53.20%,28,29,42.40%,33,38,58.80%,8,11,93.00%,8,10,39.50%,2,4
76.60%,100,104,63.80%,42,46,12.50%,22,24,16.80%,0,0,86.80%,4,8,68.90%,4,5
7.90%,20,40,81.60%,42,52,87.50%,55,57,87.70%,16,20,62.40%,0,1,29.80%,2,4
80.50%,100,114,45.70%,28,42,47.30%,33,36,91.80%,16,21,20.70%,0,1,10.40%,2,4
33.60%,60,78,46.40%,28,40,94.10%,55,65,10.60%,0,6,94.80%,8,11,41.30%,2,3
92.80%,120,138,77.60%,42,54,63.60%,33,35,46.20%,8,15,8.20%,0,0,31.40%,2,4
64.70%,80,84,20.20%,14,26,58.50%,33,42,42.10%,8,13,31.00%,0,3,37.90%,2,3
76.80%,100,116,11.20%,14,26,54.00%,33,35,58.00%,8,15,41.10%,0,3,24.60%,2,3
28.70%,60,65,79.80%,42,43,97.20%,66,77,46.70%,8,15,83.40%,4,6,69.80%,4,6
2.60%,20,21,64.70%,42,46,81.60%,44,53,38.60%,0,2,83.60%,4,6,53.10%,4,5
7.70%,20,33,53.10%,28,32,5.70%,11,20,78.20%,8,16,76.40%,4,5,49.70%,4,5
88.50%,120,132,12.50%,14,19,34.10%,33,42,80.30%,8,14,43.00%,0,3,39.10%,2,3
18.10%,40,51,19.90%,14,25,86.20%,44,54,64.30%,8,14,49.60%,0,1,23.90%,2,3
44.10%,60,71,33.50%,28,29,14.50%,22,29,70.90%,8,11,18.40%,0,0,59.00%,4,6
14.60%,40,43,77.30%,42,52,78.40%,44,55,17.90%,0,2,95.40%,12,16,59.60%,4,6
93.90%,120,133,95.90%,70,75,14.20%,22,26,92.90%,16,19,17.40%,0,4,55.30%,4,6
65.80%,80,86,3.30%,0,13,29.30%,22,31,61.50%,8,16,92.40%,8,10,79.60%,4,6
6.70%,20,28,11.20%,14,16,53.30%,33,38,81.50%,16,24,19.50%,0,1,0.80%,0,2
21.60%,40,46,41.70%,28,33,37.80%,33,41,56.80%,8,16,6.80%,0,4,15.80%,2,3
17.80%,40,47,35.90%,28,39,32.50%,22,30,36.30%,0,0,41.10%,0,3,56.10%,4,5
36.90%,60,80,82.50%,42,47,77.10%,44,51,81.90%,16,24,6.40%,0,0,21.40%,2,4
2.80%,20,35,17.00%,14,15,96.20%,66,71,58.10%,8,15,64.70%,4,7,52.70%,4,5
17.60%,40,53,39.70%,28,34,83.60%,44,55,93.60%,16,24,77.80%,4,6,81.90%,4,6
72.90%,80,86,44.10%,28,37,94.00%,55,65,49.80%,8,11,91.90%,8,10,39.10%,2,4
15.30%,40,47,7.30%,14,27,68.60%,44,50,80.10%,8,15,23.10%,0,3,61.10%,4,5
56.00%,80,86,40.30%,28,42,80.30%,44,50,85.40%,16,22,69.30%,4,8,51.40%,4,5
88.10%,120,121,36.50%,28,34,16.70%,22,23,88.60%,16,21,23.20%,0,2,50.00%,4,5
32.20%,60,80,43.60%,28,34,41.80%,33,38,94.10%,24,26,81.20%,4,6,86.70%,6,8
83.70%,100,112,88.90%,56,66,64.40%,33,38,93.70%,24,30,88.60%,8,12,95.70%,6,8
10.70%,40,55,57.10%,28,31,81.60%,44,53,47.20%,8,15,49.10%,0,3,86.70%,6,7
48.80%,60,65,36.60%,28,35,31.50%,22,30,27.90%,0,1,43.00%,0,3,38.10%,2,4
97.30%,140,157,67.80%,42,56,49.80%,33,43,94.90%,24,29,5.70%,0,4,99.30%,10,11
62.80%,80,87,39.50%,28,32,35.00%,33,44,3.20%,0,1,17.60%,0,1,97.40%,8,9
56.80%,80,85,28.70%,14,22,41.50%,33,43,7.90%,0,6,8.80%,0,0,0.90%,0,2
79.20%,100,103,22.20%,14,26,35.60%,33,35,98.60%,32,39,21.00%,0,2,24.00%,2,4
69.40%,80,93,89.10%,56,65,11.10%,22,33,18.50%,0,0,12.20%,0,2,9.50%,0,2
97.60%,140,142,17.60%,14,27,22.40%,22,28,35.10%,0,5,53.00%,0,3,54.70%,4,6
97.90%,140,151,39.90%,28,41,91.40%,55,57,32.00%,0,8,68.00%,4,6,14.90%,2,3
3.50%,20,29,51.00%,28,31,91.70%,55,59,28.20%,0,0,46.90%,0,0,15.70%,2,4
92.60%,120,136,85.70%,42,56,77.80%,44,51,64.60%,8,12,69.60%,4,5,42.60%,2,3
98.50%,140,156,4.50%,14,20,11.70%,22,29,20.00%,0,2,69.00%,4,5,79.20%,4,5
92.10%,120,125,49.50%,28,39,9.60%,22,31,41.90%,8,15,75.10%,4,7,54.90%,4,5
95.00%,140,151,81.40%,42,47,41.80%,33,35,24.50%,0,3,38.90%,0,1,36.10%,2,4
89.10%,120,127,12.40%,14,26,82.30%,44,53,87.80%,16,21,43.70%,0,3,86.90%,6,8
94.30%,120,140,31.00%,28,29,92.80%,55,61,44.80%,8,12,2.80%,0,0,73.90%,4,6
33.30%,60,66,47.60%,28,41,67.90%,44,53,54.10%,8,9,49.40%,0,3,23.00%,2,3
73.20%,80,94,7.70%,14,16,21.20%,22,33,55.80%,8,12,38.90%,0,1,4.10%,0,0
70.30%,80,89,47.30%,28,32,55.30%,33,41,42.90%,8,12,71.40%,4,5,91.20%,6,8
31.20%,60,65,30.90%,28,29,67.10%,33,37,51.40%,8,16,69.50%,4,8,14.70%,2,4
44.80%,60,71,35.40%,28,36,86.80%,55,64,76.20%,8,11,32.80%,0,4,15.70%,2,3
49.40%,60,74,23.50%,14,25,96.90%,66,75,51.80%,8,9,21.60%,0,2,27.00%,2,4
71.20%,80,88,48.50%,28,34,38.50%,33,42,80.10%,8,9,39.60%,0,4,11.60%,2,3
55.80%,80,92,41.10%,28,35,55.90%,33,42,18.80%,0,2,8.60%,0,3,30.00%,2,4
7.40%,20,36,69.10%,42,49,56.00%,33,44,0.60%,0,1,30.50%,0,4,68.00%,4,5
24.30%,40,51,0.90%,0,14,64.30%,33,38,67.00%,8,10,13.20%,0,3,79.90%,4,6
18.40%,40,50,73.20%,42,46,80.70%,44,54,3.20%,0,1,86.90%,4,5,87.70%,6,8
52.70%,60,75,83.80%,42,44,95.10%,66,73,33.30%,0,2,46.80%,0,1,77.70%,4,6
51.60%,60,70,38.80%,28,37,40.50%,33,42,75.70%,8,13,69.30%,4,7,70.10%,4,6
81.30%,100,101,69.60%,42,55,23.80%,22,24,42.00%,8,9,39.00%,0,1,38.50%,2,3
16.30%,40,52,74.20%,42,56,96.10%,66,77,46.10%,8,11,53.60%,0,4,41.40%,2,4
70.70%,80,100,68.50%,42,50,62.00%,33,39,94.20%,24,29,4.40%,0,1,7.30%,0,1
99.60%,160,178,86.60%,56,62,34.00%,33,43,92.50%,16,19,3.90%,0,1,84.10%,6,7
30.70%,60,80,99.20%,84,87,9.40%,22,27,16.70%,0,4,29.50%,0,1,45.90%,2,3
4.90%,20,21,15.10%,14,27,58.50%,33,38,12.40%,0,2,28.50%,0,2,56.70%,4,5
57.20%,80,89,20.50%,14,24,62.80%,33,44,24.60%,0,7,67.60%,4,7,67.70%,4,5
56.40%,80,83,0.00%,0,14,97.90%,66,74,81.80%,16,21,58.20%,0,4,61.80%,4,5
49.30%,60,69,45.50%,28,39,89.20%,55,62,0.50%,0,7,96.00%,12,16,43.40%,2,4
22.10%,40,53,16.10%,14,26,3.10%,11,15,73.40%,8,9,56.70%,0,0,14.30%,2,3
40.70%,60,72,1.30%,0,0,25.10%,22,32,58.40%,8,11,49.70%,0,2,61.40%,4,6
15.10%,40,43,60.80%,28,40,65.20%,33,44,76.40%,8,16,93.60%,8,12,51.60%,4,6
28.90%,60,63,96.40%,70,81,64.00%,33,44,79.70%,8,11,51.50%,0,4,64.80%,4,5
78.60%,100,119,71.90%,42,43,7.90%,22,27,14.10%,0,1,95.40%,12,14,29.70%,2,3
45.10%,60,66,12.80%,14,25,82.90%,44,52,48.90%,8,12,11.50%,0,4,79.80%,4,5
56.50%,80,85,62.70%,28,34,77.10%,44,48,56.00%,8,14,65.80%,4,5,64.40%,4,6
97.50%,140,157,63.10%,42,54,91.70%,55,66,45.70%,8,9,92.50%,8,10,99.40%,10,11
38.20%,60,71,62.70%,28,30,31.90%,22,27,74.90%,8,16,33.00%,0,2,64.70%,4,5
93.90%,120,140,91.20%,56,58,8.40%,22,26,7.00%,0,8,72.80%,4,5,49.10%,4,5
97.20%,140,157,66.40%,42,47,62.10%,33,39,59.70%,8,16,37.60%,0,4,57.90%,4,6
95.40%,140,141,99.30%,84,97,31.40%,22,26,66.10%,8,10,75.30%,4,7,53.90%,4,5
82.70%,100,118,14.10%,14,24,92.90%,55,63,36.30%,0,7,13.70%,0,3,62.30%,4,6
63.00%,80,98,80.50%,42,56,50.20%,33,42,4.70%,0,2,45.00%,0,3,3.80%,0,2
63.20%,80,84,97.80%,70,84,65.30%,33,39,20.60%,0,5,89.50%,8,9,91.50%,6,7
100.00%,180,200,92.30%,56,64,55.20%,33,40,72.20%,8,10,19.30%,0,0,6.90%,0,1
22.90%,40,49,47.50%,28,38,79.00%,44,54,58.20%,8,15,42.20%,0,4,82.60%,4,6
72.00%,80,81,43.50%,28,36,54.20%,33,44,97.30%,24,25,38.20%,0,0,60.60%,4,5
44.90%,60,79,52.90%,28,30,84.90%,44,48,49.20%,8,15,88.50%,8,11,96.70%,8,10
66.90%,80,90,66.10%,42,47,0.90%,11,16,36.90%,0,6,44.20%,0,3,30.90%,2,3
18.40%,40,46,1.20%,0,9,1.00%,11,18,92.40%,16,22,79.20%,4,6,3.70%,0,0
60.10%,80,81,10.90%,14,15,9.80%,22,33,5.20%,0,7,47.30%,0,4,4.10%,0,1
17.30%,40,57,26.00%,14,24,73.00%,44,51,68.50%,8,11,50.70%,0,1,5.90%,0,0
19.40%,40,51,52.50%,28,34,48.60%,33,37,24.60%,0,2,98.60%,16,19,73.00%,4,6
53.30%,60,65,1.00%,0,12,9.80%,22,29,56.10%,8,14,76.30%,4,6,87.70%,6,7
81.20%,100,108,90.40%,56,63,37.30%,33,38,68.80%,8,12,1.30%,0,0,13.20%,2,3
95.70%,140,142,30.80%,28,33,16.70%,22,33,83.10%,16,21,59.70%,0,3,85.40%,6,7
53.10%,60,70,39.20%,28,34,84.00%,44,45,46.00%,8,13,74.10%,4,8,28.40%,2,4
20.40%,40,59,96.70%,70,71,20.60%,22,31,68.70%,8,16,40.00%,0,3,98.90%,8,9
63.20%,80,94,61.00%,28,34,47.70%,33,40,30.30%,0,4,68.20%,4,8,48.00%,4,5
32.50%,60,77,50.40%,28,36,22.10%,22,27,45.20%,8,15,85.10%,4,8,18.50%,2,3
40.20%,60,72,77.40%,42,44,78.90%,44,45,22.20%,0,4,3.80%,0,0,10.30%,2,3
63.70%,80,96,88.40%,56,63,12.00%,22,25,27.20%,0,8,59.90%,0,0,10.90%,2,3
23.80%,40,42,51.80%,28,38,46.60%,33,39,30.50%,0,4,44.30%,0,3,90.60%,6,8
51.50%,60,63,9.90%,14,22,85.10%,44,48,68.80%,8,15,76.50%,4,8,97.70%,8,9
10.50%,40,49,36.70%,28,30,56.70%,33,39,63.40%,8,13,33.60%,0,0,16.70%,2,4
33.00%,60,67,13.90%,14,22,91.10%,55,57,20.10%,0,3,83.10%,4,5,28.20%,2,4
99.80%,180,190,63.40%,42,55,17.90%,22,26,2.70%,0,6,20.00%,0,1,83.80%,6,8
57.40%,80,96,36.40%,28,39,50.00%,33,44,26.70%,0,5,99.20%,16,19,86.90%,6,8
59.10%,80,95,31.00%,28,30,30.10%,22,29,99.90%,56,61,20.20%,0,0,25.70%,2,3
13.30%,40,42,76.70%,42,51,44.10%,33,36,56.10%,8,16,69.20%,4,6,1.80%,0,0
50.90%,60,61,23.70%,14,28,19.90%,22,30,34.40%,0,3,7.10%,0,3,38.50%,2,3
57.50%,80,87,37.50%,28,33,23.70%,22,28,63.60%,8,11,12.20%,0,3,38.00%,2,4
78.50%,100,103,94.00%,56,60,95.80%,66,70,57.40%,8,10,54.50%,0,4,1.00%,0,0
0.30%,0,5,48.80%,28,42,28.50%,22,33,14.60%,0,0,11.40%,0,1,19.80%,2,4
21.70%,40,47,84.30%,42,54,50.90%,33,44,21.80%,0,1,33.20%,0,2,88.10%,6,8
78.00%,100,104,3.60%,0,10,33.90%,33,39,44.20%,8,13,88.40%,8,9,52.90%,4,6
45.80%,60,70,79.20%,42,44,46.60%,33,44,58.20%,8,12,28.60%,0,3,74.70%,4,5
7.60%,20,28,2.60%,0,5,92.50%,55,64,10.50%,0,0,70.90%,4,8,8.20%,0,0
2.20%,20,24,49.60%,28,36,90.30%,55,61,83.90%,16,20,55.80%,0,4,51.30%,4,6
63.70%,80,82,15.40%,14,27,94.60%,55,60,62.50%,8,12,17.10%,0,0,8.60%,0,2
96.70%,140,143,71.50%,42,45,13.30%,22,30,40.70%,0,8,67.60%,4,6,85.40%,6,8
7.30%,20,26,79.90%,42,55,49.40%,33,35,98.60%,32,35,25.70%,0,3,88.10%,6,7
9.40%,40,54,6.30%,14,20,5.50%,11,14,14.50%,0,2,28.70%,0,2,30.50%,2,4
2.60%,20,35,16.40%,14,17,70.90%,44,49,31.10%,0,5,34.20%,0,4,82.80%,4,5
5.60%,20,24,44.30%,28,34,80.40%,44,52,36.20%,0,5,23.80%,0,1,87.60%,6,8
25.10%,40,44,33.50%,28,37,76.20%,44,51,38.00%,0,2,6.00%,0,4,94.80%,6,8
24.70%,40,52,62.30%,28,33,17.40%,22,28,49.00%,8,16,53.50%,0,1,8.20%,0,1
26.50%,40,45,92.70%,56,65,13.00%,22,30,79.50%,8,13,71.00%,4,7,43.40%,2,4
53.80%,60,73,70.60%,42,49,29.50%,22,29,6.60%,0,1,87.20%,4,8,17.60%,2,3
35.10%,60,76,44.50%,28,40,46.00%,33,35,75.90%,8,10,47.50%,0,1,81.40%,4,5
58.70%,80,83,31.60%,28,39,57.70%,33,38,89.30%,16,20,85.90%,4,8,29.10%,2,3
0.70%,0,20,86.60%,56,69,66.20%,33,34,92.90%,16,19,26.00%,0,0,95.70%,6,7
5.80%,20,32,97.20%,70,84,52.50%,33,44,50.90%,8,12,1.90%,0,3,94.40%,6,8
23.00%,40,55,40.60%,28,30,60.20%,33,35,7.40%,0,5,68.40%,4,7,96.60%,8,10
85.10%,100,106,5.40%,14,19,12.20%,22,29,86.30%,16,19,25.60%,0,2,46.40%,2,4
31.80%,60,69,61.80%,28,35,46.30%,33,36,37.00%,0,6,15.70%,0,1,10.50%,2,3
37.40%,60,75,21.10%,14,26,40.20%,33,40,11.20%,0,8,90.50%,8,12,58.00%,4,6
18.20%,40,58,21.80%,14,27,85.50%,44,46,19.70%,0,1,47.40%,0,3,46.10%,2,4
78.90%,100,117,29.60%,14,15,41.00%,33,43,2.20%,0,5,8.40%,0,1,92.00%,6,8
87.20%,100,106,25.20%,14,20,15.10%,22,29,24.70%,0,5,76.10%,4,7,95.70%,6,7
49.30%,60,72,65.00%,42,52,98.70%,77,83,65.90%,8,12,75.90%,4,7,2.70%,0,1
24.60%,40,51,29.80%,28,31,66.90%,33,41,27.10%,0,4,54.40%,0,4,26.00%,2,3
17.70%,40,46,68.70%,42,46,79.30%,44,48,85.10%,16,24,35.00%,0,2,77.10%,4,6
46.30%,60,63,8.20%,14,21,79.00%,44,47,99.50%,40,46,51.00%,0,0,7.50%,0,2
83.90%,100,114,34.80%,28,36,65.10%,33,34,78.40%,8,15,66.10%,4,8,35.70%,2,3
17.60%,40,56,77.70%,42,44,35.70%,33,39,62.40%,8,15,66.60%,4,7,37.20%,2,3
57.80%,80,98,75.20%,42,55,80.90%,44,47,70.00%,8,11,18.80%,0,2,67.80%,4,6
72.90%,80,99,7.80%,14,17,81.80%,44,50,27.30%,0,4,21.20%,0,0,43.70%,2,4
5.90%,20,24,57.80%,28,30,97.50%,66,76,83.70%,16,22,4.90%,0,3,6.90%,0,2
11.60%,40,42,98.50%,70,79,97.00%,66,70,98.00%,32,33,83.80%,4,6,77.00%,4,6
74.70%,80,81,96.80%,70,83,33.50%,22,31,86.70%,16,18,7.50%,0,0,82.80%,4,5
28.30%,40,52,87.30%,56,66,64.10%,33,42,15.40%,0,7,98.20%,16,18,1.00%,0,1
50.00%,60,68,38.10%,28,30,87.00%,55,58,31.90%,0,5,26.50%,0,1,86.20%,6,8
45.10%,60,78,56.40%,28,41,42.00%,33,35,30.30%,0,0,42.60%,0,0,33.10%,2,4
68.40%,80,84,49.80%,28,38,87.60%,55,58,89.70%,16,24,32.70%,0,0,54.20%,4,5
25.60%,40,43,40.00%,28,34,9.00%,22,24,97.00%,24,27,32.40%,0,3,32.60%,2,4
36.30%,60,66,43.10%,28,31,3.60%,11,16,75.40%,8,14,46.50%,0,4,31.60%,2,4
72.80%,80,87,11.80%,14,28,99.40%,77,83,79.90%,8,9,16.20%,0,0,95.40%,6,7
66.60%,80,99,57.60%,28,34,67.60%,33,43,51.00%,8,12,75.80%,4,8,54.00%,4,6
56.00%,80,97,31.20%,28,30,5.70%,11,12,55.50%,8,12,64.60%,4,5,84.70%,6,7
53.70%,60,67,25.90%,14,21,14.90%,22,24,83.40%,16,21,8.90%,0,1,83.60%,6,7
5.30%,20,27,22.60%,14,16,5.30%,11,18,20.50%,0,8,80.10%,4,7,36.40%,2,4
24.50%,40,43,3.80%,0,2,99.40%,77,80,49.50%,8,16,93.00%,8,11,34.00%,2,3
10.00%,40,59,35.80%,28,33,15.10%,22,29,89.70%,16,17,73.50%,4,7,54.00%,4,6
67.40%,80,96,21.40%,14,20,32.50%,22,29,89.30%,16,24,66.90%,4,6,39.00%,2,4
84.80%,100,112,19.20%,14,19,51.60%,33,38,82.20%,16,23,15.90%,0,0,11.30%,2,3
13.90%,40,55,78.70%,42,44,74.90%,44,52,65.00%,8,15,29.50%,0,2,49.90%,4,5
52.10%,60,75,9.80%,14,20,39.80%,33,43,58.80%,8,16,65.40%,4,6,57.10%,4,5
56.10%,80,93,4.00%,0,0,33.40%,22,30,28.60%,0,5,9.60%,0,0,11.00%,2,4
40.20%,60,67,87.40%,56,57,37.50%,33,36,36.10%,0,4,27.10%,0,0,66.30%,4,6
11.10%,40,54,1.10%,0,2,92.30%,55,65,42.20%,8,11,67.00%,4,5,37.70%,2,3
0.50%,0,15,48.00%,28,35,58.30%,33,36,84.30%,16,19,80.30%,4,8,68.40%,4,5
5.10%,20,28,81.80%,42,44,68.70%,44,53,5.30%,0,6,68.90%,4,8,52.90%,4,6
24.10%,40,59,53.70%,28,29,40.20%,33,37,6.20%,0,5,36.90%,0,1,50.50%,4,5
45.70%,60,79,87.00%,56,58,56.20%,33,35,17.60%,0,7,90.90%,8,12,92.90%,6,8
15.10%,40,50,95.70%,70,72,9.40%,22,30,26.10%,0,7,83.60%,4,7,44.40%,2,3
81.50%,100,112,8.50%,14,23,20.60%,22,29,31.90%,0,4,26.50%,0,2,32.80%,2,3
90.10%,120,136,73.40%,42,50,93.30%,55,60,26.10%,0,7,45.90%,0,1,75.10%,4,6
44.50%,60,72,93.30%,56,60,96.50%,66,71,12.90%,0,7,34.60%,0,4,54.10%,4,6
87.00%,100,114,13.00%,14,26,76.70%,44,47,96.60%,24,31,54.10%,0,2,18.00%,2,4
93.80%,120,133,39.70%,28,30,96.60%,66,71,24.90%,0,3,22.20%,0,0,77.40%,4,5
36.90%,60,71,84.00%,42,52,51.20%,33,38,98.60%,32,39,32.40%,0,0,69.80%,4,5
15.00%,40,53,10.90%,14,19,62.90%,33,41,87.20%,16,22,54.90%,0,2,32.60%,2,3
85.80%,100,108,9.30%,14,21,52.40%,33,37,22.60%,0,6,75.80%,4,7,18.60%,2,3
99.70%,160,174,19.80%,14,23,45.80%,33,37,1.10%,0,8,5.10%,0,2,61.50%,4,5
9.60%,40,51,2.50%,0,6,5.80%,11,17,97.60%,24,32,90.70%,8,10,45.80%,2,4
40.00%,60,65,96.80%,70,82,86.90%,55,63,3.80%,0,8,21.90%,0,0,37.40%,2,4
16.70%,40,57,96.80%,70,82,35.00%,33,39,17.60%,0,1,87.80%,8,11,43.80%,2,3
55.50%,80,92,88.20%,56,68,74.10%,44,54,13.30%,0,4,6.10%,0,3,15.60%,2,4
17.00%,40,51,13.30%,14,28,12.10%,22,23,96.30%,24,28,11.30%,0,0,86.60%,6,7
20.60%,40,57,31.70%,28,35,56.20%,33,34,13.90%,0,6,60.00%,0,4,38.50%,2,4
6.70%,20,33,45.70%,28,38,45.90%,33,36,78.20%,8,13,54.80%,0,3,85.90%,6,8
14.40%,40,48,12.90%,14,16,81.70%,44,51,82.50%,16,20,11.00%,0,3,33.80%,2,3
1.20%,20,23,11.20%,14,24,75.00%,44,47,95.00%,24,30,31.10%,0,0,51.10%,4,5
91.70%,120,140,69.60%,42,53,36.50%,33,41,79.00%,8,11,57.90%,0,0,81.00%,4,5
42.70%,60,77,56.70%,28,32,34.40%,33,44,79.00%,8,15,68.60%,4,5,95.70%,6,8
73.40%,80,84,12.60%,14,20,97.70%,66,74,35.20%,0,5,99.10%,16,18,14.70%,2,3
66.00%,80,90,44.60%,28,31,46.00%,33,34,70.30%,8,10,93.10%,8,10,94.60%,6,8
50.80%,60,78,90.60%,56,67,85.80%,44,53,54.70%,8,11,81.90%,4,8,4.80%,0,0
57.50%,80,94,5.40%,14,27,77.10%,44,51,97.90%,24,30,6.10%,0,1,46.20%,2,3
34.50%,60,78,7.80%,14,15,89.80%,55,66,28.20%,0,3,76.80%,4,8,39.20%,2,3
53.10%,60,76,25.10%,14,17,83.40%,44,48,66.20%,8,16,83.30%,4,8,81.10%,4,6
90.50%,120,129,8.70%,14,24,52.20%,33,39,39.60%,0,4,58.00%,0,3,57.20%,4,5
71.00%,80,86,55.70%,28,34,67.50%,33,36,68.00%,8,10,28.40%,0,3,47.80%,4,6
97.60%,140,156,50.20%,28,42,30.20%,22,25,49.30%,8,10,74.50%,4,6,92.40%,6,8
37.50%,60,76,54.40%,28,33,25.30%,22,29,99.40%,40,41,37.10%,0,2,87.00%,6,8
90.60%,120,137,89.00%,56,57,15.50%,22,33,42.50%,8,11,64.40%,4,8,80.30%,4,5
69.50%,80,87,82.60%,42,55,34.20%,33,41,20.00%,0,8,19.30%,0,4,49.60%,4,5
19.90%,40,53,13.40%,14,28,65.40%,33,38,15.80%,0,1,93.70%,8,10,63.80%,4,6
95.60%,140,146,51.10%,28,41,42.70%,33,38,58.00%,8,13,35.90%,0,4,72.60%,4,5
37.50%,60,65,18.10%,14,20,29.40%,22,33,64.60%,8,9,63.30%,0,1,44.60%,2,3
27.40%,40,54,92.90%,56,70,24.60%,22,25,45.20%,8,14,33.60%,0,2,58.50%,4,5
89.30%,120,133,96.50%,70,81,89.50%,55,57,53.00%,8,12,89.40%,8,10,22.10%,2,3
91.00%,120,131,47.60%,28,30,40.30%,33,35,30.30%,0,5,45.50%,0,3,29.50%,2,4
59.30%,80,90,41.40%,28,31,50.80%,33,43,97.70%,24,31,30.30%,0,4,54.30%,4,6
55.40%,80,90,84.40%,42,44,36.20%,33,40,86.90%,16,21,41.60%,0,1,99.10%,10,11
30.60%,60,61,78.60%,42,56,50.10%,33,43,22.80%,0,6,48.00%,0,2,42.80%,2,4
14.00%,40,50,67.20%,42,54,93.10%,55,57,12.00%,0,6,87.10%,4,7,94.10%,6,8
28.10%,40,42,16.60%,14,26,95.90%,66,67,35.60%,0,4,89.00%,8,9,88.90%,6,7
87.80%,120,136,36.50%,28,38,84.20%,44,53,38.80%,0,2,35.00%,0,4,35.00%,2,4
33.80%,60,63,87.80%,56,59,19.20%,22,29,94.00%,24,27,72.80%,4,5,82.40%,4,5
3.50%,20,24,84.10%,42,53,18.30%,22,31,7.20%,0,2,65.70%,4,7,54.30%,4,6
67.40%,80,92,64.00%,42,55,45.20%,33,42,63.30%,8,9,36.80%,0,1,61.80%,4,6
7.20%,20,34,82.50%,42,50,46.90%,33,44,12.60%,0,0,84.80%,4,6,75.90%,4,5
20.00%,40,59,94.10%,56,60,48.50%,33,37,84.50%,16,20,21.70%,0,2,37.80%,2,3
80.00%,100,106,16.20%,14,24,7.30%,22,29,53.50%,8,15,25.40%,0,3,70.30%,4,5
11.10%,40,59,85.60%,42,55,32.70%,22,29,32.20%,0,5,60.00%,0,2,71.80%,4,6
39.80%,60,66,75.50%,42,44,41.50%,33,36,15.50%,0,7,21.20%,0,0,94.00%,6,7
85.00%,100,101,12.50%,14,15,90.50%,55,64,87.80%,16,22,51.10%,0,2,95.80%,6,8
17.50%,40,60,98.60%,70,81,57.00%,33,39,75.30%,8,12,43.20%,0,3,66.00%,4,6
11.00%,40,50,10.50%,14,25,90.80%,55,64,62.30%,8,9,67.10%,4,7,90.10%,6,7
45.80%,60,73,21.90%,14,15,40.60%,33,36,64.40%,8,12,42.90%,0,4,87.00%,6,8
49.90%,60,78,8.70%,14,20,6.90%,11,13,88.70%,16,24,6.80%,0,4,78.10%,4,5
89.30%,120,130,37.90%,28,36,75.90%,44,50,92.90%,16,20,22.80%,0,1,52.00%,4,5
52.80%,60,64,76.20%,42,49,91.10%,55,58,5.70%,0,1,37.60%,0,1,83.90%,6,7
71.80%,80,93,23.40%,14,18,60.70%,33,37,55.40%,8,14,45.30%,0,4,27.90%,2,3
22.60%,40,41,30.80%,28,30,5.10%,11,14,10.10%,0,8,69.20%,4,5,14.80%,2,3
23.00%,40,48,56.90%,28,40,60.00%,33,42,91.20%,16,19,99.70%,20,24,83.20%,4,5
43.40%,60,69,89.30%,56,61,19.70%,22,27,97.40%,24,28,74.20%,4,8,97.70%,8,10
28.40%,60,73,37.50%,28,42,15.60%,22,30,92.40%,16,20,1.20%,0,2,61.30%,4,6
20.50%,40,45,52.80%,28,32,40.80%,33,41,87.40%,16,20,4.10%,0,1,33.20%,2,4
20.20%,40,53,91.40%,56,66,71.60%,44,52,84.70%,16,21,22.80%,0,4,62.60%,4,5
58.00%,80,88,26.20%,14,23,42.20%,33,36,68.10%,8,9,65.60%,4,7,23.90%,2,4
6.50%,20,21,41.00%,28,35,54.10%,33,43,78.90%,8,15,18.20%,0,2,18.00%,2,3
37.40%,60,77,5.10%,14,25,98.70%,77,84,52.30%,8,12,91.60%,8,9,29.60%,2,3
0.10%,0,8,17.80%,14,27,87.50%,55,60,97.40%,24,29,36.00%,0,0,54.50%,4,6
89.70%,120,137,21.00%,14,19,71.80%,44,48,42.90%,8,13,18.30%,0,1,80.80%,4,5
45.30%,60,69,53.90%,28,31,72.50%,44,45,72.80%,8,16,43.80%,0,1,43.40%,2,4
40.80%,60,72,83.30%,42,53,18.80%,22,26,25.90%,0,2,5.00%,0,3,8.10%,0,1
48.70%,60,69,54.60%,28,41,20.00%,22,23,12.60%,0,6,40.80%,0,4,78.70%,4,6
26.80%,40,50,56.20%,28,42,30.80%,22,23,54.00%,8,14,90.00%,8,9,71.30%,4,6
25.30%,40,41,63.70%,42,55,20.80%,22,33,2.40%,0,2,88.70%,8,10,53.50%,4,6
72.50%,80,92,71.20%,42,48,64.70%,33,37,57.40%,8,9,94.40%,8,11,3.30%,0,1
73.40%,80,83,94.90%,56,58,59.60%,33,35,41.20%,8,11,88.20%,8,12,23.50%,2,3
97.00%,140,148,23.70%,14,24,4.30%,11,19,99.20%,32,39,62.90%,0,1,46.20%,2,3
63.20%,80,91,68.60%,42,51,3.00%,11,13,51.70%,8,13,91.50%,8,9,61.90%,4,5
84.10%,100,118,93.00%,56,62,40.00%,33,37,20.70%,0,6,77.10%,4,5,76.00%,4,5
84.30%,100,104,4.10%,0,9,26.80%,22,23,93.80%,24,25,11.40%,0,2,25.20%,2,3
51.20%,60,73,43.20%,28,42,19.60%,22,29,42.20%,8,14,29.40%,0,3,5.40%,0,1
51.00%,60,62,46.70%,28,33,3.10%,11,14,23.00%,0,6,52.70%,0,4,48.30%,4,5
86.40%,100,112,1.30%,0,14,49.30%,33,41,77.40%,8,12,82.50%,4,5,63.30%,4,6
51.30%,60,70,37.20%,28,29,75.90%,44,54,45.10%,8,10,82.50%,4,5,32.20%,2,4
34.50%,60,65,31.40%,28,40,51.30%,33,40,7.50%,0,0,20.80%,0,2,75.20%,4,6
95.80%,140,143,44.20%,28,33,58.60%,33,40,1.90%,0,6,25.80%,0,0,71.40%,4,6
2.40%,20,23,49.20%,28,42,62.30%,33,36,38.30%,0,6,1.80%,0,0,90.20%,6,7
14.20%,40,52,7.50%,14,16,36.20%,33,41,23.10%,0,5,47.20%,0,3,93.80%,6,7
79.40%,100,115,95.40%,56,60,42.80%,33,35,44.70%,8,16,1.50%,0,4,67.90%,4,6
82.80%,100,116,67.40%,42,47,40.00%,33,38,57.50%,8,14,63.60%,0,4,65.10%,4,5
18.70%,40,52,41.10%,28,30,85.60%,44,46,18.40%,0,5,91.00%,8,12,100.00%,14,15
53.60%,60,63,73.40%,42,43,38.00%,33,37,60.70%,8,16,69.60%,4,7,85.30%,6,8
85.70%,100,119,84.90%,42,46,56.20%,33,34,48.20%,8,14,67.50%,4,5,89.80%,6,7
9.00%,40,50,60.40%,28,36,90.90%,55,66,31.30%,0,3,83.30%,4,5,94.10%,6,8
97.40%,140,158,53.00%,28,42,68.40%,44,55,53.20%,8,16,37.40%,0,0,41.10%,2,4
69.50%,80,92,86.20%,56,59,21.10%,22,27,1.40%,0,4,96.80%,12,13,13.00%,2,3
1.40%,20,23,72.70%,42,52,8.90%,22,30,0.00%,0,3,32.40%,0,4,90.00%,6,8
4.90%,20,33,44.60%,28,31,25.50%,22,23,85.60%,16,24,34.80%,0,1,87.10%,6,7
70.50%,80,92,19.80%,14,27,67.70%,33,42,63.50%,8,9,56.90%,0,1,55.30%,4,6
49.30%,60,64,87.80%,56,57,89.10%,55,60,62.50%,8,11,34.70%,0,3,17.30%,2,4
97.20%,140,147,51.80%,28,41,36.10%,33,44,67.90%,8,14,60.30%,0,2,53.90%,4,6
93.00%,120,133,99.70%,84,90,85.70%,44,54,5.00%,0,2,21.80%,0,4,11.50%,2,3
67.30%,80,83,34.00%,28,38,77.90%,44,46,90.20%,16,21,1.10%,0,3,50.10%,4,5
49.00%,60,73,28.20%,14,22,31.60%,22,29,15.00%,0,4,14.20%,0,4,30.80%,2,3
35.90%,60,71,27.80%,14,18,18.60%,22,29,28.60%,0,6,3.00%,0,0,33.60%,2,4
10.10%,40,53,67.20%,42,43,3.90%,11,19,73.30%,8,14,56.00%,0,4,98.70%,8,9
32.00%,60,74,66.40%,42,49,85.10%,44,50,89.90%,16,24,70.00%,4,5,100.00%,14,15
58.50%,80,94,22.90%,14,27,7.80%,22,30,63.00%,8,10,10.90%,0,0,33.60%,2,4
77.60%,100,111,61.80%,28,36,51.90%,33,41,9.80%,0,6,32.10%,0,3,71.20%,4,5
55.20%,80,96,69.20%,42,48,33.50%,22,24,70.70%,8,12,96.90%,12,13,81.90%,4,6
82.20%,100,117,24.20%,14,28,41.00%,33,44,77.00%,8,13,96.90%,12,16,14.50%,2,4
66.20%,80,98,60.90%,28,36,50.00%,33,34,63.20%,8,13,78.60%,4,8,86.70%,6,8
18.30%,40,51,63.20%,42,56,90.00%,55,61,36.20%,0,8,11.90%,0,1,16.50%,2,3
9.60%,40,47,39.60%,28,33,57.50%,33,35,77.70%,8,11,65.40%,4,5,63.60%,4,5
20.00%,40,44,81.20%,42,54,65.30%,33,36,21.70%,0,5,37.80%,0,0,32.00%,2,4
91.40%,120,137,28.20%,14,17,19.90%,22,24,56.50%,8,16,45.50%,0,3,17.90%,2,4
59.90%,80,88,66.70%,42,51,91.20%,55,60,43.40%,8,11,48.20%,0,0,62.80%,4,5
19.60%,40,49,82.60%,42,48,5.30%,11,16,97.70%,24,25,98.30%,16,20,82.30%,4,5
53.60%,60,64,74.70%,42,52,73.20%,44,55,63.80%,8,14,33.10%,0,4,46.10%,2,4
6.00%,20,32,10.90%,14,26,30.00%,22,30,50.60%,8,10,25.90%,0,1,84.10%,6,7
23.30%,40,53,27.60%,14,24,4.90%,11,20,75.60%,8,10,56.60%,0,0,20.80%,2,3
21.40%,40,50,87.80%,56,58,69.10%,44,48,55.80%,8,14,49.10%,0,0,13.90%,2,4
7.40%,20,31,45.20%,28,41,97.20%,66,67,84.60%,16,20,24.20%,0,2,47.20%,4,6
25.20%,40,48,97.50%,70,84,14.00%,22,24,22.20%,0,6,94.80%,8,9,25.80%,2,4
70.30%,80,94,59.90%,28,31,90.00%,55,63,15.10%,0,5,44.40%,0,1,36.20%,2,4
35.70%,60,79,52.50%,28,40,28.30%,22,23,69.50%,8,10,34.30%,0,0,2.90%,0,0
1.50%,20,27,6.10%,14,23,15.80%,22,31,84.60%,16,21,3.80%,0,1,69.30%,4,6
4.10%,20,34,11.60%,14,27,19.20%,22,26,90.70%,16,19,82.10%,4,6,92.00%,6,8
71.50%,80,86,98.60%,70,72,20.50%,22,31,99.30%,40,44,62.20%,0,0,4.60%,0,2
58.90%,80,100,82.80%,42,54,66.20%,33,43,31.00%,0,1,59.60%,0,2,86.40%,6,7
56.10%,80,86,67.80%,42,48,30.80%,22,27,51.40%,8,11,47.80%,0,0,61.70%,4,6
45.80%,60,71,65.40%,42,45,76.70%,44,47,43.70%,8,15,47.70%,0,0,8.80%,0,0
67.90%,80,84,14.60%,14,17,48.50%,33,38,69.50%,8,13,85.80%,4,5,78.40%,4,6
30.60%,60,63,70.30%,42,49,81.10%,44,50,92.50%,16,20,65.70%,4,6,42.50%,2,4
36.70%,60,70,11.70%,14,21,32.40%,22,33,67.50%,8,10,30.30%,0,0,68.80%,4,6
87.10%,100,105,38.20%,28,37,90.10%,55,65,87.30%,16,19,8.50%,0,0,33.50%,2,4
0.20%,0,20,23.10%,14,27,8.40%,22,23,64.90%,8,13,12.50%,0,1,67.60%,4,6
60.60%,80,93,75.10%,42,49,77.80%,44,51,90.70%,16,24,74.10%,4,8,70.50%,4,5
86.70%,100,103,2.40%,0,13,79.20%,44,49,97.80%,24,25,47.40%,0,2,89.50%,6,8
2.10%,20,21,58.00%,28,29,83.10%,44,45,27.40%,0,4,3.70%,0,0,38.40%,2,3
48.00%,60,79,27.40%,14,23,18.80%,22,31,10.00%,0,5,12.90%,0,4,34.10%,2,3
60.40%,80,97,71.00%,42,55,51.20%,33,44,7.50%,0,0,23.60%,0,1,80.50%,4,6
8.60%,20,36,49.70%,28,39,75.20%,44,47,19.90%,0,0,85.40%,4,8,3.90%,0,1
35.60%,60,63,76.90%,42,44,30.60%,22,29,90.10%,16,22,99.80%,24,27,43.00%,2,3
2.80%,20,36,15.10%,14,16,15.70%,22,33,78.00%,8,12,59.50%,0,0,38.40%,2,4
33.00%,60,72,48.90%,28,37,60.50%,33,40,15.30%,0,5,36.50%,0,1,55.40%,4,5
46.80%,60,72,84.70%,42,54,64.70%,33,43,6.10%,0,3,51.40%,0,3,3.60%,0,2
50.60%,60,62,13.90%,14,25,6.10%,11,22,24.60%,0,7,55.70%,0,2,22.50%,2,3
23.60%,40,60,73.90%,42,51,67.10%,33,40,0.10%,0,1,66.80%,4,7,54.30%,4,6
42.30%,60,63,11.90%,14,28,26.00%,22,24,18.60%,0,5,68.00%,4,7,26.40%,2,4
89.40%,120,134,95.00%,56,66,82.20%,44,52,43.70%,8,12,47.60%,0,2,30.20%,2,4
60.40%,80,89,60.00%,28,31,69.90%,44,47,42.50%,8,13,95.00%,8,11,98.20%,8,10
62.80%,80,88,29.50%,14,19,62.50%,33,44,80.50%,8,9,16.50%,0,1,85.40%,6,8
99.40%,160,164,35.50%,28,30,76.50%,44,53,66.40%,8,10,51.30%,0,3,88.40%,6,8
60.40%,80,91,69.00%,42,43,87.40%,55,59,85.70%,16,21,10.60%,0,3,34.50%,2,4
89.80%,120,125,22.80%,14,17,33.40%,22,24,90.70%,16,19,51.80%,0,1,36.00%,2,3
26.70%,40,53,13.90%,14,20,40.60%,33,44,23.40%,0,1,7.10%,0,1,23.40%,2,3
74.90%,80,94,12.60%,14,17,8.90%,22,24,76.00%,8,10,65.90%,4,5,72.80%,4,6
91.30%,120,126,38.60%,28,39,89.00%,55,60,56.80%,8,11,58.00%,0,0,93.70%,6,7
1.40%,20,31,24.70%,14,26,38.60%,33,43,65.90%,8,11,92.00%,8,10,58.80%,4,6
38.40%,60,74,63.00%,28,31,15.70%,22,26,20.60%,0,8,63.60%,0,4,69.80%,4,6
73.10%,80,81,49.70%,28,33,29.00%,22,27,79.80%,8,9,25.10%,0,4,83.80%,6,8
69.70%,80,94,70.50%,42,47,8.10%,22,27,98.30%,32,40,77.90%,4,6,83.60%,6,7
9.00%,40,54,48.90%,28,41,2.40%,11,15,36.90%,0,0,39.40%,0,2,7.10%,0,2
95.00%,140,144,5.30%,14,25,92.10%,55,61,53.90%,8,15,67.40%,4,6,0.40%,0,2
76.10%,100,106,32.90%,28,36,81.70%,44,47,76.00%,8,13,0.10%,0,2,0.10%,0,0
41.50%,60,66,52.30%,28,36,64.80%,33,38,27.90%,0,5,76.00%,4,8,90.20%,6,8
89.50%,120,138,75.20%,42,44,89.80%,55,64,49.40%,8,12,75.30%,4,6,68.80%,4,6
75.40%,100,114,51.30%,28,31,8.20%,22,31,64.60%,8,16,17.10%,0,3,90.60%,6,7
1.50%,20,37,34.60%,28,42,87.50%,55,59,44.80%,8,13,73.10%,4,5,43.50%,2,4
3.30%,20,29,37.00%,28,31,71.70%,44,49,7.10%,0,7,45.60%,0,1,56.30%,4,5
4.10%,20,37,33.70%,28,37,94.80%,66,70,57.50%,8,9,13.10%,0,4,30.80%,2,4
36.30%,60,61,9.50%,14,21,39.30%,33,34,4.50%,0,8,10.00%,0,1,35.20%,2,3
99.20%,160,177,89.60%,56,68,56.60%,33,41,67.00%,8,10,35.80%,0,4,10.90%,2,4
59.20%,80,99,58.50%,28,30,9.30%,22,33,50.10%,8,16,57.40%,0,4,4.30%,0,0
33.50%,60,67,55.90%,28,37,30.70%,22,26,40.50%,0,5,98.40%,16,17,3.30%,0,0
50.90%,60,64,61.80%,28,40,91.20%,55,66,33.70%,0,0,44.10%,0,0,91.50%,6,8
47.40%,60,68,30.80%,28,39,58.30%,33,43,65.10%,8,15,36.30%,0,2,79.40%,4,5
31.20%,60,70,8.70%,14,27,16.00%,22,31,89.50%,16,23,76.30%,4,8,43.40%,2,3
32.90%,60,62,98.30%,70,78,49.70%,33,39,37.20%,0,3,20.50%,0,2,0.90%,0,0
85.00%,100,104,1.70%,0,3,65.40%,33,43,55.10%,8,10,74.60%,4,7,42.10%,2,4
3.90%,20,32,36.00%,28,32,87.40%,55,59,73.20%,8,15,4.50%,0,2,92.00%,6,7
8.70%,20,34,71.80%,42,56,67.30%,33,39,7.50%,0,7,1.00%,0,4,70.70%,4,6
20.30%,40,54,68.20%,42,52,41.40%,33,41,53.20%,8,13,80.50%,4,5,67.90%,4,5
77.90%,100,108,3.40%,0,10,37.30%,33,37,77.00%,8,11,23.50%,0,0,30.10%,2,3
3.20%,20,38,5.20%,14,19,84.30%,44,53,29.10%,0,1,77.70%,4,6,47.90%,4,5
90.50%,120,122,40.00%,28,38,39.50%,33,44,77.70%,8,16,83.90%,4,8,1.90%,0,1
12.60%,40,43,87.40%,56,57,87.10%,55,63,72.60%,8,14,98.20%,16,18,83.30%,4,6
92.00%,120,131,16.70%,14,18,85.50%,44,50,79.20%,8,16,34.30%,0,1,42.80%,2,4
94.30%,120,127,56.70%,28,32,32.30%,22,32,74.00%,8,16,86.00%,4,6,32.10%,2,3
26.30%,40,48,3.70%,0,13,47.80%,33,38,14.80%,0,2,37.40%,0,3,20.30%,2,3
40.80%,60,75,85.00%,42,46,79.20%,44,53,40.60%,0,1,8.00%,0,2,79.70%,4,5
22.90%,40,47,0.20%,0,11,36.30%,33,37,14.50%,0,4,82.60%,4,6,28.00%,2,3
58.00%,80,90,4.00%,0,1,77.70%,44,55,39.70%,0,6,50.90%,0,0,36.50%,2,4
92.50%,120,135,90.00%,56,63,24.50%,22,27,21.70%,0,1,52.70%,0,1,17.30%,2,4
83.80%,100,104,26.50%,14,25,50.40%,33,41,61.80%,8,14,40.60%,0,4,71.10%,4,5
15.60%,40,44,94.00%,56,62,36.40%,33,37,18.30%,0,0,1.90%,0,1,12.30%,2,4
49.00%,60,67,50.20%,28,31,91.20%,55,60,2.30%,0,1,95.10%,12,15,43.10%,2,4
40.60%,60,74,45.90%,28,30,57.60%,33,34,31.20%,0,5,55.20%,0,1,8.50%,0,1
79.40%,100,112,47.90%,28,31,95.50%,66,77,99.10%,32,38,52.20%,0,3,89.70%,6,7
16.80%,40,46,2.10%,0,7,47.50%,33,41,11.00%,0,0,63.90%,4,8,52.00%,4,6
58.60%,80,87,16.50%,14,27,20.10%,22,25,78.80%,8,10,63.20%,0,1,64.80%,4,5
45.20%,60,66,8.60%,14,25,38.70%,33,41,87.70%,16,17,3.00%,0,3,48.30%,4,5
91.50%,120,122,84.10%,42,43,9.90%,22,25,47.20%,8,12,26.60%,0,0,93.60%,6,8
2.30%,20,32,3.10%,0,8,65.50%,33,39,75.90%,8,16,51.00%,0,2,87.90%,6,8
7.60%,20,38,2.80%,0,0,56.60%,33,39,51.00%,8,12,4.50%,0,1,61.90%,4,5
37.30%,60,73,72.70%,42,43,82.50%,44,55,79.10%,8,13,88.80%,8,11,33.90%,2,3
30.80%,60,67,50.30%,28,35,15.30%,22,29,98.90%,32,38,40.60%,0,4,26.20%,2,4
60.10%,80,91,29.50%,14,25,0.70%,11,15,63.90%,8,12,99.10%,16,18,97.00%,8,9
38.20%,60,63,64.30%,42,46,84.30%,44,48,6.60%,0,6,73.00%,4,6,86.60%,6,8
51.80%,60,69,73.40%,42,46,62.00%,33,43,34.00%,0,6,37.80%,0,4,82.90%,4,6
59.40%,80,88,59.80%,28,33,87.50%,55,62,14.50%,0,4,52.20%,0,2,70.60%,4,5
74.40%,80,97,63.30%,42,50,22.80%,22,33,27.50%,0,5,43.50%,0,1,25.30%,2,4
88.40%,120,139,76.60%,42,48,51.90%,33,34,96.60%,24,27,61.20%,0,0,32.10%,2,4
37.20%,60,68,29.90%,28,41,77.20%,44,46,19.10%,0,4,14.20%,0,3,95.30%,6,7
30.90%,60,80,40.80%,28,41,54.90%,33,35,60.90%,8,14,46.90%,0,1,66.70%,4,6
53.40%,60,67,74.00%,42,47,62.60%,33,39,16.40%,0,4,94.20%,8,12,68.80%,4,5
2.00%,20,36,51.60%,28,40,60.80%,33,36,22.00%,0,6,94.30%,8,12,8.10%,0,0
68.70%,80,94,52.20%,28,29,10.10%,22,33,31.60%,0,3,30.00%,0,4,60.30%,4,5
56.10%,80,99,41.60%,28,42,91.10%,55,57,81.80%,16,21,48.50%,0,1,34.20%,2,3
66.00%,80,99,86.60%,56,70,86.50%,44,49,70.30%,8,9,80.60%,4,7,13.60%,2,3
47.50%,60,75,63.80%,42,55,48.50%,33,40,82.70%,16,19,76.50%,4,6,92.60%,6,8
87.40%,120,125,0.20%,0,13,48.50%,33,34,62.70%,8,10,25.60%,0,1,48.30%,4,6
15.40%,40,56,2.00%,0,13,76.40%,44,55,22.10%,0,8,85.60%,4,8,68.50%,4,5
4.90%,20,31,1.90%,0,13,7.80%,22,32,30.80%,0,2,55.30%,0,1,88.60%,6,8
92.50%,120,138,41.60%,28,34,95.60%,66,67,33.20%,0,8,0.40%,0,4,59.00%,4,6
34.10%,60,66,0.00%,0,7,54.70%,33,42,18.00%,0,7,37.10%,0,1,36.80%,2,4
80.10%,100,112,1.60%,0,0,72.30%,44,48,34.80%,0,1,81.40%,4,8,59.30%,4,6
72.80%,80,99,10.70%,14,16,72.10%,44,45,58.70%,8,12,15.70%,0,3,81.10%,4,5
10.70%,40,48,81.60%,42,51,81.50%,44,45,23.10%,0,6,99.00%,16,19,20.70%,2,4
85.50%,100,120,61.40%,28,38,40.60%,33,39,22.60%,0,6,88.30%,8,9,55.40%,4,6
43.80%,60,71,87.10%,56,69,7.20%,11,21,61.00%,8,14,24.30%,0,1,17.00%,2,3
95.50%,140,146,34.90%,28,40,63.10%,33,37,79.00%,8,10,6.90%,0,1,66.10%,4,6
76.50%,100,112,45.40%,28,32,70.10%,44,50,15.20%,0,5,47.60%,0,3,77.70%,4,6
1.30%,20,39,14.40%,14,28,58.60%,33,39,2.30%,0,4,50.00%,0,4,98.00%,8,9
13.40%,40,43,24.90%,14,25,44.90%,33,42,90.40%,16,23,61.60%,0,2,73.90%,4,6
6.00%,20,23,0.90%,0,0,7.10%,11,18,98.90%,32,33,98.20%,16,20,54.10%,4,6
34.50%,60,73,8.40%,14,20,8.10%,22,32,13.00%,0,0,98.60%,16,20,9.00%,0,2
87.10%,100,114,78.30%,42,46,59.20%,33,37,32.00%,0,2,92.80%,8,9,43.60%,2,4
51.70%,60,69,19.70%,14,23,73.60%,44,51,75.10%,8,12,53.00%,0,0,72.30%,4,5
1.00%,0,6,2.10%,0,3,12.30%,22,33,39.50%,0,8,82.60%,4,5,14.80%,2,4
24.90%,40,42,37.10%,28,42,80.80%,44,48,53.50%,8,14,60.50%,0,3,2.40%,0,0
36.40%,60,75,5.20%,14,27,76.70%,44,54,61.70%,8,14,12.80%,0,2,47.50%,4,5
19.90%,40,47,89.50%,56,60,26.50%,22,32,93.20%,16,20,13.00%,0,1,42.40%,2,4
68.70%,80,84,33.40%,28,37,73.10%,44,48,97.80%,24,25,36.90%,0,4,52.20%,4,6
76.30%,100,112,87.50%,56,62,79.00%,44,54,61.80%,8,15,21.70%,0,2,72.40%,4,6
64.80%,80,95,94.50%,56,59,91.50%,55,61,85.40%,16,21,55.80%,0,4,12.10%,2,4
19.00%,40,51,90.90%,56,67,22.40%,22,23,30.80%,0,0,71.20%,4,5,18.50%,2,4
6.10%,20,37,88.40%,56,60,82.00%,44,54,6.20%,0,1,90.90%,8,11,5.10%,0,0
77.40%,100,110,32.40%,28,35,99.30%,77,82,0.10%,0,1,50.70%,0,3,77.60%,4,6
65.40%,80,90,56.20%,28,36,93.30%,55,60,96.00%,24,29,73.00%,4,8,25.10%,2,4
86.80%,100,117,42.80%,28,33,91.40%,55,66,80.10%,8,13,76.70%,4,7,41.90%,2,3
92.10%,120,129,94.70%,56,70,42.80%,33,36,92.30%,16,20,0.30%,0,3,30.50%,2,3
83.50%,100,110,46.20%,28,38,14.00%,22,31,84.90%,16,19,97.20%,12,16,12.70%,2,3
20.80%,40,41,14.90%,14,16,9.40%,22,27,78.70%,8,9,40.60%,0,3,55.40%,4,6
67.70%,80,90,7.00%,14,28,34.00%,33,36,30.40%,0,2,82.80%,4,7,52.30%,4,5
57.30%,80,99,24.10%,14,25,45.00%,33,42,47.10%,8,14,85.20%,4,5,78.20%,4,5
11.50%,40,54,94.60%,56,67,20.60%,22,32,92.10%,16,18,62.00%,0,3,14.50%,2,3
80.50%,100,110,82.40%,42,56,93.00%,55,65,30.00%,0,5,46.30%,0,3,32.10%,2,3
37.10%,60,63,43.00%,28,31,49.00%,33,38,65.60%,8,9,48.60%,0,3,74.10%,4,5
1.50%,20,37,56.20%,28,38,68.50%,44,45,1.30%,0,4,95.00%,8,9,2.30%,0,0
30.80%,60,72,9.90%,14,16,5.20%,11,20,17.30%,0,8,98.90%,16,18,92.90%,6,8
70.90%,80,94,95.50%,56,61,64.70%,33,44,54.10%,8,9,93.60%,8,11,91.90%,6,8
25.90%,40,57,73.30%,42,56,49.40%,33,43,62.80%,8,15,9.70%,0,2,62.00%,4,5
37.20%,60,67,91.60%,56,59,11.50%,22,32,70.40%,8,16,90.90%,8,12,68.80%,4,6
62.90%,80,88,54.00%,28,42,30.00%,22,32,7.70%,0,2,60.00%,0,1,70.70%,4,6
40.00%,60,80,12.10%,14,25,87.80%,55,59,81.60%,16,24,6.40%,0,4,68.30%,4,6
62.40%,80,84,59.70%,28,29,83.20%,44,47,33.20%,0,6,79.80%,4,5,83.90%,6,7
0.50%,0,9,9.80%,14,17,97.10%,66,69,77.60%,8,10,85.80%,4,8,4.20%,0,1
62.60%,80,99,7.10%,14,23,87.60%,55,66,38.20%,0,7,0.30%,0,1,91.60%,6,8
49.90%,60,78,80.20%,42,47,9.70%,22,32,75.30%,8,9,20.50%,0,4,16.40%,2,4
22.30%,40,58,16.10%,14,25,63.50%,33,35,35.10%,0,6,64.30%,4,5,82.80%,4,6
63.20%,80,84,40.90%,28,29,95.40%,66,70,83.90%,16,18,68.90%,4,8,7.70%,0,0
61.30%,80,90,56.50%,28,32,46.00%,33,34,61.00%,8,15,13.00%,0,2,32.50%,2,4
22.10%,40,60,46.30%,28,38,47.90%,33,40,34.40%,0,6,33.80%,0,2,8.90%,0,1
50.30%,60,73,52.70%,28,39,17.60%,22,23,36.30%,0,6,85.60%,4,5,77.30%,4,5
89.90%,120,124,71.90%,42,53,17.40%,22,26,52.50%,8,11,52.80%,0,4,85.90%,6,8
23.30%,40,47,93.60%,56,57,49.00%,33,40,16.50%,0,3,72.80%,4,8,43.50%,2,4
9.90%,40,57,52.40%,28,35,6.10%,11,22,90.00%,16,22,48.90%,0,3,15.20%,2,3
98.60%,160,171,79.70%,42,53,59.10%,33,40,2.80%,0,8,40.70%,0,4,32.90%,2,4
37.60%,60,67,42.50%,28,38,74.20%,44,47,57.70%,8,11,17.90%,0,2,2.50%,0,1
80.40%,100,106,75.60%,42,44,20.80%,22,29,59.80%,8,13,30.50%,0,1,17.70%,2,3
16.90%,40,47,74.00%,42,44,8.20%,22,26,83.00%,16,21,84.60%,4,8,75.20%,4,6
9.00%,40,48,73.90%,42,48,94.20%,55,65,43.00%,8,12,42.10%,0,4,58.60%,4,6
62.70%,80,92,93.90%,56,62,68.20%,44,47,99.40%,40,42,97.80%,12,16,36.20%,2,3
81.20%,100,119,44.90%,28,31,73.20%,44,48,19.10%,0,6,13.10%,0,3,87.90%,6,8
8.80%,20,38,91.00%,56,66,3.10%,11,17,55.20%,8,9,48.30%,0,0,10.80%,2,3
50.80%,60,65,49.90%,28,39,82.20%,44,51,42.00%,8,15,15.90%,0,0,62.50%,4,5
4.00%,20,23,19.50%,14,17,82.60%,44,45,23.90%,0,5,45.50%,0,0,17.10%,2,3
19.10%,40,54,54.50%,28,37,4.60%,11,18,78.20%,8,10,55.20%,0,0,33.00%,2,4
66.60%,80,83,47.80%,28,31,47.30%,33,44,39.90%,0,5,62.30%,0,0,75.70%,4,6
12.60%,40,42,59.90%,28,32,76.10%,44,55,79.20%,8,15,69.50%,4,6,30.10%,2,3
41.90%,60,67,36.20%,28,40,58.30%,33,41,60.30%,8,14,41.70%,0,3,79.70%,4,6
77.10%,100,112,93.60%,56,62,33.50%,22,33,40.90%,0,0,5.00%,0,4,76.00%,4,5
10.80%,40,55,47.10%,28,39,98.40%,77,85,30.70%,0,7,7.20%,0,4,27.20%,2,4
42.20%,60,72,90.00%,56,69,84.70%,44,46,34.40%,0,7,71.20%,4,8,72.10%,4,6
88.20%,120,130,34.80%,28,37,5.70%,11,20,74.20%,8,15,59.90%,0,4,99.50%,10,12
58.00%,80,94,63.30%,42,45,6.50%,11,21,17.60%,0,0,27.00%,0,1,50.40%,4,6
88.50%,120,130,48.00%,28,39,61.80%,33,43,22.80%,0,0,4.60%,0,0,24.50%,2,3
18.90%,40,56,11.50%,14,16,16.80%,22,28,53.20%,8,9,26.40%,0,3,25.30%,2,3
50.30%,60,65,92.30%,56,58,80.80%,44,46,10.10%,0,2,81.20%,4,7,2.80%,0,1
56.40%,80,99,10.40%,14,21,84.10%,44,49,47.80%,8,13,46.50%,0,4,13.80%,2,4
46.90%,60,79,83.10%,42,43,13.00%,22,32,68.60%,8,13,87.40%,4,8,91.80%,6,8
44.30%,60,70,93.00%,56,70,82.80%,44,51,58.20%,8,14,73.30%,4,6,82.80%,4,6
26.40%,40,47,29.10%,14,16,63.70%,33,36,38.90%,0,1,62.30%,0,2,28.80%,2,4
60.40%,80,86,85.50%,42,48,6.50%,11,21,58.80%,8,13,63.60%,0,1,91.60%,6,8
41.00%,60,68,87.80%,56,65,84.10%,44,46,59.60%,8,15,17.80%,0,1,62.50%,4,6
33.50%,60,78,77.40%,42,53,54.20%,33,43,67.60%,8,10,68.20%,4,7,67.30%,4,6
29.60%,60,72,70.90%,42,48,21.80%,22,27,53.70%,8,14,92.40%,8,9,96.20%,6,7
63.80%,80,85,55.60%,28,29,14.30%,22,33,43.20%,8,15,0.30%,0,0,40.00%,2,4
7.30%,20,39,39.60%,28,29,43.40%,33,39,52.20%,8,10,3.40%,0,2,14.60%,2,3
99.40%,160,175,82.80%,42,52,9.70%,22,23,3.50%,0,6,77.30%,4,8,63.90%,4,5
10.90%,40,42,32.10%,28,31,1.90%,11,22,58.80%,8,9,42.50%,0,0,78.80%,4,6
13.20%,40,58,71.20%,42,54,2.50%,11,20,27.80%,0,8,25.70%,0,1,30.00%,2,4
16.90%,40,56,39.00%,28,30,13.30%,22,28,80.90%,8,11,19.70%,0,0,35.90%,2,4
22.20%,40,53,87.10%,56,63,19.70%,22,23,50.60%,8,16,41.70%,0,2,73.20%,4,5
49.80%,60,72,73.10%,42,52,93.60%,55,62,80.10%,8,12,0.50%,0,3,19.40%,2,4
8.40%,20,27,50.00%,28,34,64.60%,33,41,97.00%,24,27,49.00%,0,4,63.50%,4,6
63.20%,80,84,21.10%,14,15,72.50%,44,47,63.60%,8,12,0.80%,0,4,11.50%,2,3
14.40%,40,60,21.20%,14,20,60.10%,33,44,58.70%,8,13,39.00%,0,3,49.80%,4,5
4.60%,20,23,94.40%,56,70,30.50%,22,24,82.60%,16,20,6.80%,0,1,19.90%,2,3
25.10%,40,54,21.20%,14,28,97.90%,66,75,28.60%,0,8,62.70%,0,0,52.70%,4,5
73.80%,80,88,82.40%,42,54,59.50%,33,40,87.90%,16,22,75.60%,4,8,11.30%,2,3
96.70%,140,154,1.80%,0,11,75.10%,44,50,62.80%,8,10,18.80%,0,4,48.40%,4,5
74.70%,80,85,22.40%,14,22,45.50%,33,36,19.40%,0,5,54.30%,0,4,28.30%,2,3
31.90%,60,80,42.60%,28,30,18.40%,22,25,99.60%,40,45,59.90%,0,4,13.00%,2,3
39.20%,60,75,16.80%,14,18,51.50%,33,38,81.80%,16,19,27.40%,0,2,61.50%,4,6
25.10%,40,45,2.30%,0,0,53.00%,33,41,33.80%,0,0,51.50%,0,3,3.90%,0,2
4.40%,20,25,11.90%,14,17,77.00%,44,50,52.00%,8,16,91.00%,8,9,8.80%,0,0
27.20%,40,60,87.20%,56,61,60.90%,33,37,15.70%,0,5,56.40%,0,4,40.50%,2,4
36.10%,60,62,8.80%,14,24,21.40%,22,28,14.20%,0,5,37.40%,0,3,29.80%,2,4
22.30%,40,54,79.10%,42,50,14.60%,22,23,61.80%,8,15,94.20%,8,10,40.00%,2,4
73.90%,80,84,33.20%,28,36,31.60%,22,23,75.90%,8,16,72.30%,4,8,18.70%,2,3
33.70%,60,65,73.60%,42,49,18.50%,22,26,29.30%,0,3,93.70%,8,12,72.40%,4,5
85.90%,100,103,97.10%,70,73,86.10%,44,47,42.50%,8,9,23.00%,0,0,14.70%,2,3
93.00%,120,133,39.80%,28,36,64.00%,33,41,17.20%,0,8,40.50%,0,1,9.40%,0,2
56.90%,80,92,41.60%,28,40,43.70%,33,39,56.90%,8,12,37.60%,0,3,35.30%,2,4
44.80%,60,78,3.90%,0,12,13.60%,22,30,9.20%,0,6,8.10%,0,4,58.60%,4,6
29.90%,60,76,28.30%,14,26,46.50%,33,38,20.70%,0,7,20.50%,0,3,29.40%,2,3
26.50%,40,51,66.30%,42,46,95.20%,66,69,30.80%,0,5,95.80%,12,15,42.00%,2,3
98.50%,140,155,27.80%,14,26,37.20%,33,42,33.80%,0,3,52.40%,0,1,76.10%,4,6
38.10%,60,77,58.70%,28,42,73.80%,44,52,45.50%,8,15,12.00%,0,4,2.30%,0,1
21.80%,40,48,52.40%,28,33,87.40%,55,58,10.50%,0,8,73.40%,4,7,92.50%,6,8
22.90%,40,50,80.40%,42,52,0.80%,11,17,84.30%,16,18,85.20%,4,8,94.90%,6,8
53.90%,60,75,28.10%,14,24,86.50%,44,46,72.20%,8,9,41.40%,0,3,25.10%,2,3
34.90%,60,79,89.40%,56,63,31.10%,22,29,75.70%,8,12,37.20%,0,3,66.30%,4,5
33.20%,60,70,61.00%,28,34,44.00%,33,34,90.60%,16,17,76.90%,4,8,88.60%,6,7
4.40%,20,31,72.80%,42,47,83.20%,44,48,2.90%,0,2,86.20%,4,8,74.00%,4,6
60.80%,80,89,36.00%,28,41,94.60%,55,66,58.40%,8,16,59.40%,0,1,37.70%,2,3
7.10%,20,40,46.40%,28,32,52.70%,33,39,45.30%,8,16,66.30%,4,5,74.80%,4,6
45.50%,60,65,65.40%,42,51,72.20%,44,53,44.30%,8,12,99.90%,28,32,44.30%,2,4
15.60%,40,43,99.50%,84,96,23.80%,22,27,1.50%,0,2,48.70%,0,0,25.90%,2,4
62.40%,80,90,90.80%,56,69,55.00%,33,35,10.10%,0,2,89.60%,8,12,21.20%,2,4
8.50%,20,26,76.10%,42,55,58.20%,33,34,26.50%,0,1,85.70%,4,5,88.20%,6,8
53.30%,60,74,18.50%,14,28,49.50%,33,43,14.70%,0,3,51.50%,0,3,69.70%,4,6
50.90%,60,78,84.30%,42,50,29.80%,22,29,37.90%,0,4,52.50%,0,0,75.30%,4,5
83.80%,100,110,37.30%,28,35,39.80%,33,44,39.50%,0,4,32.50%,0,1,4.40%,0,2
32.50%,60,76,20.70%,14,18,80.60%,44,55,47.60%,8,10,72.90%,4,8,69.20%,4,6
36.10%,60,61,31.00%,28,32,22.40%,22,32,57.10%,8,13,84.20%,4,6,54.00%,4,6
89.90%,120,123,59.90%,28,37,36.40%,33,44,96.50%,24,28,35.00%,0,2,20.10%,2,3
67.10%,80,85,42.90%,28,33,61.50%,33,36,48.00%,8,14,53.10%,0,4,90.60%,6,8
81.20%,100,112,62.20%,28,30,74.50%,44,53,9.00%,0,7,48.80%,0,3,5.00%,0,0
64.20%,80,92,100.00%,126,140,62.80%,33,42,84.80%,16,21,30.30%,0,0,66.90%,4,5
66.00%,80,100,18.00%,14,23,13.90%,22,32,33.00%,0,4,12.20%,0,0,84.80%,6,7
12.10%,40,48,31.00%,28,29,90.30%,55,66,49.70%,8,10,79.00%,4,6,59.90%,4,5
62.70%,80,88,53.20%,28,34,87.60%,55,59,90.90%,16,24,9.00%,0,2,7.20%,0,1
93.30%,120,122,67.90%,42,46,38.00%,33,38,1.20%,0,5,48.30%,0,0,10.30%,2,4
41.20%,60,61,41.70%,28,34,95.30%,66,70,86.00%,16,24,5.90%,0,1,64.90%,4,6
28.40%,60,80,39.70%,28,37,67.50%,33,36,16.50%,0,8,5.10%,0,0,27.10%,2,4
21.70%,40,60,94.60%,56,57,65.50%,33,44,90.10%,16,23,74.20%,4,7,56.40%,4,6
66.00%,80,90,58.30%,28,38,6.30%,11,13,33.00%,0,3,14.90%,0,1,84.80%,6,8
11.80%,40,41,34.80%,28,36,13.90%,22,30,74.50%,8,11,84.60%,4,7,0.10%,0,0
0.30%,0,3,43.00%,28,38,46.10%,33,44,15.10%,0,8,43.70%,0,2,83.30%,4,5
46.90%,60,78,26.70%,14,24,73.00%,44,52,59.30%,8,12,84.00%,4,5,25.20%,2,3
86.40%,100,103,84.60%,42,45,44.00%,33,39,31.10%,0,2,38.70%,0,2,83.40%,4,5
21.60%,40,60,73.50%,42,47,16.90%,22,27,83.70%,16,24,25.10%,0,3,47.80%,4,5
85.80%,100,110,77.90%,42,43,6.90%,11,18,57.60%,8,12,71.50%,4,8,51.70%,4,5
93.20%,120,130,21.90%,14,23,80.80%,44,45,58.70%,8,14,0.10%,0,2,65.00%,4,6
49.00%,60,74,16.10%,14,17,76.60%,44,45,87.50%,16,18,83.30%,4,6,3.60%,0,0
19.60%,40,59,53.70%,28,31,98.50%,77,84,61.10%,8,14,2.00%,0,1,36.40%,2,3
18.40%,40,52,4.90%,14,23,43.50%,33,36,19.40%,0,7,72.60%,4,7,64.90%,4,5
2.30%,20,22,83.60%,42,47,83.40%,44,52,73.80%,8,13,66.80%,4,7,10.60%,2,3
11.70%,40,41,94.40%,56,70,35.40%,33,40,21.90%,0,5,85.30%,4,7,72.20%,4,6
55.30%,80,97,22.40%,14,26,79.70%,44,51,29.50%,0,0,13.80%,0,2,28.50%,2,4
58.20%,80,85,94.00%,56,63,83.60%,44,55,87.60%,16,23,41.10%,0,1,26.90%,2,3
4.60%,20,26,80.70%,42,51,86.00%,44,53,96.20%,24,25,26.20%,0,4,22.20%,2,4
73.50%,80,99,31.60%,28,38,85.40%,44,47,30.10%,0,0,21.90%,0,4,8.10%,0,1
72.90%,80,81,38.20%,28,34,46.80%,33,40,57.30%,8,12,65.10%,4,7,25.70%,2,4
42.80%,60,63,64.80%,42,56,14.40%,22,28,90.40%,16,24,8.90%,0,3,58.90%,4,6
37.00%,60,79,71.80%,42,48,21.80%,22,23,11.50%,0,6,79.80%,4,5,51.90%,4,5
78.40%,100,109,91.60%,56,63,71.10%,44,55,47.80%,8,14,34.20%,0,4,15.90%,2,4
27.20%,40,47,24.80%,14,27,47.50%,33,41,10.80%,0,3,33.30%,0,1,10.80%,2,3
22.00%,40,53,33.90%,28,36,12.10%,22,28,24.40%,0,6,90.60%,8,11,38.20%,2,3
18.70%,40,50,2.30%,0,6,40.00%,33,43,92.00%,16,18,35.80%,0,2,97.20%,8,9
99.60%,160,171,46.80%,28,37,14.00%,22,30,77.90%,8,11,39.60%,0,0,83.70%,6,8
17.80%,40,50,47.60%,28,35,38.00%,33,40,56.40%,8,16,61.10%,0,1,31.30%,2,4
21.60%,40,52,14.30%,14,18,30.30%,22,27,39.70%,0,7,90.00%,8,10,34.20%,2,3
83.90%,100,113,90.80%,56,62,32.30%,22,27,41.40%,8,14,86.60%,4,7,78.50%,4,5
71.60%,80,98,33.00%,28,36,49.10%,33,37,49.40%,8,10,75.40%,4,7,82.90%,4,5
8.20%,20,33,63.70%,42,54,65.50%,33,40,69.90%,8,16,31.00%,0,4,95.10%,6,8