date,pm25,pm10,o3,no2,so2,co
7/27/2022,48,0,0,0,0,0
7/26/2022,65,19,27,6,2,5
7/25/2022,79,30,39,9,1,4
7/24/2022,76,38,63,9,2,4
7/23/2022,83,34,58,8,2,4
7/22/2022,53,33,45,8,2,4
7/21/2022,25,20,34,5,1,4
7/20/2022,32,12,13,3,1,3
7/19/2022,45,15,18,3,0,3
7/18/2022,55,25,28,4,0,2
7/17/2022,75,28,39,8,1,3
7/16/2022,75,40,49,13,2,4
7/15/2022,60,37,53,15,1,4
7/14/2022,36,30,54,12,2,4
7/13/2022,30,20,33,8,7,3
7/12/2022,34,20,19,5,17,3
7/11/2022,29,19,18,6,3,2
7/10/2022,19,14,17,4,2,1
7/9/2022,44,14,12,4,2,1
7/8/2022,20,16,15,5,2,2
7/7/2022,19,10,15,5,1,3
7/6/2022,36,7,15,3,0,2
7/5/2022,41,15,14,2,0,0
7/4/2022,34,14,18,1,0,2
7/3/2022,13,13,14,2,0,0
7/2/2022,29,12,27,2,0,2
7/1/2022,49,16,23,3,1,1
6/30/2022,23,25,49,5,2,2
6/29/2022,32,16,13,3,1,1
6/28/2022,30,12,12,4,2,2
6/27/2022,37,12,22,5,2,2
6/26/2022,25,15,18,4,2,2
6/25/2022,38,11,18,4,1,1
6/24/2022,46,16,31,4,2,1
6/23/2022,34,15,29,4,2,1
6/22/2022,29,14,15,5,2,1
6/21/2022,21,16,18,5,2,1
6/20/2022,44,15,21,6,2,1
6/19/2022,28,17,48,7,14,35
6/18/2022,46,16,16,8,1,1
6/17/2022,46,14,12,15,1,1
6/16/2022,38,13,16,18,2,1
6/15/2022,47,13,19,17,2,1
6/14/2022,40,19,9,15,2,1
6/13/2022,65,21,16,13,2,2
6/12/2022,22,18,32,12,1,2
6/11/2022,35,14,29,9,0,2
6/10/2022,53,12,17,9,0,4
6/9/2022,34,15,32,12,0,4
6/8/2022,49,9,41,9,0,3
6/7/2022,53,11,34,11,0,3
6/6/2022,48,21,28,10,1,2
6/5/2022,30,23,24,6,0,8
6/4/2022,43,17,22,5,0,1
6/3/2022,43,18,22,8,1,3
6/2/2022,32,21,24,7,0,2
6/1/2022,28,17,22,8,1,2
5/31/2022,26,11,15,7,0,0
5/30/2022,22,15,16,7,0,2
5/29/2022,66,16,17,3,0,9
5/28/2022,57,15,40,6,1,4
5/27/2022,40,16,40,3,0,4
5/26/2022,48,11,37,4,0,4
5/25/2022,62,8,29,7,1,5
5/24/2022,50,19,30,6,0,5
5/23/2022,58,21,43,6,1,4
5/22/2022,76,24,36,6,0,3
5/21/2022,75,33,31,9,1,4
5/20/2022,82,37,45,9,1,3
5/19/2022,74,52,48,13,4,4
5/18/2022,58,44,74,11,4,3
5/17/2022,25,25,62,4,2,2
5/16/2022,29,6,36,2,0,3
5/15/2022,24,9,37,3,0,3
5/14/2022,16,7,36,2,0,4
5/13/2022,32,17,24,3,0,3
5/12/2022,52,12,23,5,0,3
5/11/2022,77,9,29,5,0,4
5/10/2022,72,21,29,4,0,4
5/9/2022,67,17,25,11,0,4
5/8/2022,66,26,27,16,1,4
5/7/2022,51,27,47,12,3,3
5/6/2022,81,28,40,8,1,2
5/5/2022,58,43,49,10,2,3
5/4/2022,64,37,59,5,0,2
5/3/2022,84,34,52,7,1,2
5/2/2022,75,23,31,5,1,4
5/1/2022,52,24,33,5,1,3
4/30/2022,68,28,51,4,0,1
4/29/2022,69,31,37,12,3,1
4/28/2022,67,22,39,7,1,1
4/27/2022,53,22,31,7,2,1
4/26/2022,42,21,24,4,1,1
4/25/2022,64,15,14,5,1,1
4/24/2022,39,25,25,8,1,1
4/23/2022,71,25,14,12,1,1
4/22/2022,116,32,38,23,4,2
4/21/2022,106,40,63,13,1,2
4/20/2022,97,50,60,16,1,3
4/19/2022,129,37,31,11,1,3
4/18/2022,85,42,30,14,1,3
4/17/2022,65,41,53,6,1,1
4/16/2022,45,43,60,3,1,1
4/15/2022,68,29,46,2,0,1
4/14/2022,52,27,42,10,3,1
4/13/2022,94,18,8,19,2,1
4/12/2022,104,38,91,19,9,11
4/11/2022,100,45,53,16,4,3
4/10/2022,82,48,42,16,3,3
4/9/2022,54,47,45,14,2,3
4/8/2022,52,48,32,6,0,2
4/7/2022,76,33,61,6,1,2
4/6/2022,81,36,43,13,3,3
4/5/2022,62,39,50,11,2,3
4/4/2022,62,35,56,2,0,1
4/3/2022,57,37,50,4,1,2
4/2/2022,51,21,31,3,1,2
4/1/2022,70,36,43,2,0,2
3/31/2022,94,33,48,13,2,4
3/30/2022,49,25,41,18,2,4
3/29/2022,39,18,41,7,0,3
3/28/2022,50,19,29,3,0,3
3/27/2022,83,23,40,3,0,5
3/26/2022,81,28,17,12,1,8
3/25/2022,70,23,17,18,0,7
3/24/2022,40,24,32,8,0,5
3/23/2022,46,13,26,3,0,4
3/22/2022,62,21,26,9,1,3
3/21/2022,72,19,29,6,0,4
3/20/2022,52,29,46,6,1,4
3/19/2022,82,22,39,7,0,3
3/18/2022,81,32,37,15,2,4
3/17/2022,107,34,15,16,2,4
3/16/2022,81,42,33,21,3,5
3/15/2022,81,35,39,15,2,3
3/14/2022,96,43,20,23,5,4
3/13/2022,88,42,31,19,3,4
3/12/2022,99,42,43,19,3,4
3/11/2022,85,49,71,16,2,4
3/10/2022,52,53,50,18,3,4
3/9/2022,41,42,47,10,1,2
3/8/2022,64,28,40,7,0,3
3/7/2022,57,36,30,5,0,3
3/6/2022,100,49,54,5,1,3
3/5/2022,101,49,35,18,2,5
3/4/2022,101,53,47,18,5,6
3/3/2022,120,49,55,14,2,5
3/2/2022,88,54,49,12,2,4
3/1/2022,97,42,31,22,6,4
2/28/2022,70,50,64,17,4,3
2/27/2022,74,35,50,13,3,2
2/26/2022,45,31,39,13,3,1
2/25/2022,40,21,39,5,1,0
2/24/2022,13,19,42,3,1,1
2/23/2022,11,5,30,2,0,1
2/22/2022,31,5,26,4,0,1
2/21/2022,43,12,26,6,1,1
2/20/2022,32,14,29,1,0,6
2/19/2022,18,10,17,7,0,3
2/18/2022,41,9,26,3,0,1
2/17/2022,86,18,32,3,1,1
2/16/2022,60,42,45,3,0,1
2/15/2022,39,27,45,3,0,1
2/14/2022,57,14,35,3,1,3
2/13/2022,58,22,26,12,0,2
2/12/2022,41,23,36,8,0,2
2/11/2022,63,15,35,5,0,1
2/10/2022,42,20,29,5,0,1
2/9/2022,44,14,35,2,0,1
2/8/2022,59,13,31,2,0,1
2/7/2022,82,20,27,9,1,3
2/6/2022,51,30,36,2,0,1
2/5/2022,29,16,32,1,0,1
2/4/2022,21,9,22,1,0,1
2/3/2022,31,7,26,1,0,2
2/2/2022,65,8,29,3,1,2
2/1/2022,55,24,30,4,0,2
1/31/2022,39,18,26,1,1,1
1/30/2022,32,12,25,1,1,1
1/29/2022,29,12,33,1,1,0
1/28/2022,58,13,33,2,1,1
1/27/2022,66,21,40,5,0,2
1/26/2022,56,24,36,11,0,5
1/25/2022,49,20,38,5,0,7
1/24/2022,63,16,28,7,1,6
1/23/2022,31,20,24,16,2,8
1/22/2022,44,9,18,13,0,6
1/21/2022,61,14,36,4,6,5
1/20/2022,47,33,41,4,0,2
1/19/2022,27,23,43,7,0,3
1/18/2022,52,15,31,9,0,2
1/17/2022,98,27,32,6,1,4
1/16/2022,102,46,42,9,2,4
1/15/2022,141,48,49,6,3,4
1/14/2022,122,51,53,3,3,5
1/13/2022,116,55,51,10,5,5
1/12/2022,58,44,44,2,2,5
1/11/2022,81,30,36,7,2,6
1/10/2022,76,37,45,8,3,5
1/9/2022,64,35,45,8,3,4
1/8/2022,54,33,42,3,1,3
1/7/2022,79,29,39,3,1,3
1/6/2022,84,47,31,13,2,4
1/5/2022,91,40,28,14,3,4
1/4/2022,93,47,48,12,4,4
1/3/2022,91,45,57,5,2,3
1/2/2022,73,49,44,11,4,3
1/1/2022,113,36,49,4,2,4
12/31/2021,80,49,49,4,3,4
12/30/2021,99,41,40,4,2,4
12/29/2021,71,44,37,9,3,6
12/28/2021,96,28,34,6,2,4
12/27/2021,70,39,34,6,3,4
12/26/2021,77,29,28,5,1,4
12/25/2021,108,45,36,3,1,4
12/24/2021,66,54,9,20,8,7
12/23/2021,59,36,28,11,3,3
12/22/2021,54,28,30,8,1,5
12/21/2021,76,17,13,16,1,5
12/20/2021,101,34,30,14,2,4
12/19/2021,146,55,44,4,2,3
12/18/2021,92,63,44,3,3,5
12/17/2021,82,50,36,5,1,9
12/16/2021,68,38,38,13,4,8
12/15/2021,55,38,39,10,4,8
12/14/2021,86,30,44,4,1,6
12/13/2021,103,41,41,2,2,7
12/12/2021,77,55,53,10,4,7
12/11/2021,68,39,70,3,2,4
12/10/2021,82,44,49,13,2,4
12/9/2021,64,46,39,17,5,3
12/8/2021,61,38,60,6,1,1
12/7/2021,72,41,63,6,2,1
12/6/2021,59,44,38,15,6,3
12/5/2021,83,39,39,13,4,2
12/4/2021,89,48,49,7,3,2
12/3/2021,75,53,43,16,5,3
12/2/2021,75,43,46,7,3,3
12/1/2021,71,43,40,5,3,2
11/30/2021,39,37,32,11,3,4
11/29/2021,41,19,29,10,2,3
11/28/2021,63,20,32,3,1,2
11/27/2021,68,42,44,3,2,2
11/26/2021,75,48,37,11,3,3
11/25/2021,66,47,45,12,5,5
11/24/2021,65,44,44,6,3,4
11/23/2021,40,32,25,7,2,6
11/22/2021,67,22,26,7,2,5
11/21/2021,57,43,46,8,3,4
11/20/2021,59,38,40,8,2,3
11/19/2021,64,35,35,9,3,4
11/18/2021,54,34,24,11,4,5
11/17/2021,76,26,30,10,2,4
11/16/2021,71,45,36,11,4,4
11/15/2021,65,43,39,9,3,3
11/14/2021,68,36,44,5,3,3
11/13/2021,67,36,44,7,3,4
11/12/2021,75,39,57,5,3,3
11/11/2021,60,45,51,11,6,2
11/10/2021,58,36,42,8,4,1
11/9/2021,35,31,40,6,2,2
11/8/2021,40,22,24,9,2,3
11/7/2021,74,26,44,4,2,3
11/6/2021,76,38,37,10,5,3
11/5/2021,67,41,55,11,6,3
11/4/2021,81,40,54,5,2,2
11/3/2021,57,44,39,8,3,2
11/2/2021,68,30,38,5,2,1
11/1/2021,92,36,39,4,3,2
10/31/2021,71,49,79,4,3,2
10/30/2021,76,41,50,5,3,3
10/29/2021,71,44,66,4,3,4
10/28/2021,53,39,57,4,3,2
10/27/2021,38,33,51,4,3,2
10/26/2021,45,26,47,3,2,1
10/25/2021,32,25,51,5,2,2
10/24/2021,48,16,40,4,2,2
10/23/2021,14,21,39,5,2,2
10/22/2021,56,8,35,7,1,3
10/21/2021,62,31,28,9,2,5
10/20/2021,53,33,67,3,2,4
10/19/2021,48,29,58,4,2,2
10/18/2021,33,29,49,3,2,3
10/17/2021,35,31,42,3,2,2
10/16/2021,39,26,33,3,2,2
10/15/2021,30,29,35,4,2,2
10/14/2021,35,18,25,7,3,3
10/13/2021,24,22,29,4,2,3
10/12/2021,28,29,21,2,1,0
10/11/2021,31,30,26,1,1,2
10/10/2021,51,21,32,2,2,2
10/9/2021,32,40,30,2,2,2
10/8/2021,34,23,29,2,2,2
10/7/2021,48,20,31,2,2,3
10/6/2021,51,30,35,2,2,2
10/5/2021,50,36,41,2,2,2
10/4/2021,50,36,41,3,2,0
10/3/2021,51,30,58,3,2,3
10/2/2021,59,23,50,2,2,4
10/1/2021,79,25,50,6,2,4
9/30/2021,74,44,71,5,5,4
9/29/2021,58,40,77,6,5,4
9/28/2021,59,33,44,3,2,3
9/27/2021,58,32,45,5,3,3
9/26/2021,46,34,59,2,2,3
9/25/2021,21,34,51,2,2,3
9/24/2021,65,22,44,2,2,3
9/23/2021,38,33,38,7,6,1
9/22/2021,43,20,31,8,6,2
9/21/2021,48,23,35,5,3,2
9/20/2021,57,24,29,5,4,2
9/19/2021,57,27,55,3,3,2
9/18/2021,67,26,46,3,2,2
9/17/2021,54,28,51,2,2,3
9/16/2021,70,26,58,5,3,4
9/15/2021,75,37,68,6,4,4
9/14/2021,52,42,79,13,4,5
9/13/2021,32,30,49,8,3,4
9/12/2021,37,17,38,6,1,2
9/11/2021,38,19,26,6,1,2
9/10/2021,47,23,33,6,1,3
9/9/2021,47,25,38,9,4,5
9/8/2021,51,25,53,8,3,4
9/7/2021,30,30,40,8,3,4
9/6/2021,32,19,30,6,1,4
9/5/2021,16,22,59,5,2,3
9/4/2021,38,14,27,6,2,3
9/3/2021,43,20,30,7,3,2
9/2/2021,52,21,31,6,3,2
9/1/2021,38,30,45,7,3,2
8/31/2021,38,23,41,6,2,3
8/30/2021,53,23,32,4,1,2
8/29/2021,64,27,38,5,1,3
8/28/2021,56,36,41,9,3,4
8/27/2021,54,28,25,8,3,4
8/26/2021,40,23,15,6,3,2
8/25/2021,33,18,24,5,2,2
8/24/2021,42,15,24,4,2,2
8/23/2021,49,24,31,5,2,2
8/22/2021,53,24,33,5,2,2
8/21/2021,53,24,29,6,4,3
8/20/2021,0,22,21,4,3,3
8/10/2021,62,0,0,0,0,0
8/9/2021,77,32,27,4,2,2
8/8/2021,43,32,43,5,2,3
8/7/2021,13,25,44,7,7,4
8/6/2021,21,10,28,4,2,5
8/5/2021,39,13,35,1,2,5
8/4/2021,59,18,37,4,2,4
8/3/2021,56,27,47,11,8,6
8/2/2021,58,25,57,11,4,6
8/1/2021,55,29,53,11,6,7
7/31/2021,40,25,36,10,4,6
7/30/2021,61,25,41,11,5,7
7/29/2021,109,39,42,10,5,5
7/28/2021,82,53,68,10,6,3
7/27/2021,76,46,58,8,6,2
7/26/2021,62,35,46,7,5,1
7/25/2021,49,34,51,9,7,2
7/24/2021,57,27,36,8,6,3
7/23/2021,59,29,47,7,4,2
7/22/2021,68,41,47,7,7,2
7/21/2021,28,39,29,9,8,2
7/20/2021,39,18,22,6,3,1
7/19/2021,40,23,35,3,3,1
7/18/2021,34,23,36,4,3,1
7/17/2021,39,18,30,2,2,1
7/16/2021,21,21,31,4,3,2
7/15/2021,23,14,27,7,3,2
7/14/2021,21,14,12,4,4,2
7/13/2021,26,14,13,3,2,2
7/12/2021,27,16,17,2,2,1
7/11/2021,30,16,17,3,2,1
7/10/2021,32,16,22,3,3,2
7/9/2021,33,18,27,5,4,1
7/8/2021,25,19,26,3,3,2
7/7/2021,42,16,21,4,2,1
7/6/2021,44,25,38,3,3,2
7/5/2021,39,25,29,6,4,2
7/4/2021,49,19,24,3,2,1
7/3/2021,50,26,32,3,2,3
7/2/2021,44,27,29,3,2,4
7/1/2021,61,27,25,3,2,0
6/30/2021,44,29,24,7,4,3
6/29/2021,36,24,18,10,4,3
6/28/2021,59,21,25,6,2,3
6/27/2021,47,31,37,6,3,3
6/26/2021,35,17,29,5,2,2
6/25/2021,29,18,34,7,2,2
6/24/2021,27,13,33,6,2,2
6/23/2021,24,17,35,5,2,2
6/22/2021,63,12,39,5,2,3
6/21/2021,66,37,36,8,4,5
6/20/2021,60,39,42,5,3,4
6/19/2021,48,38,44,5,3,4
6/18/2021,50,30,35,5,2,3
6/17/2021,50,29,33,4,3,3
6/16/2021,30,26,32,3,2,3
6/15/2021,27,18,29,3,2,3
6/14/2021,30,15,25,4,3,0
6/13/2021,38,15,18,5,2,3
6/12/2021,41,23,42,6,3,3
6/11/2021,44,22,32,7,4,3
6/10/2021,37,21,35,6,4,3
6/9/2021,47,17,37,8,3,3
6/8/2021,55,21,41,5,2,2
6/7/2021,20,25,35,14,3,2
6/6/2021,46,13,44,3,2,2
6/5/2021,38,21,42,4,2,4
6/4/2021,48,21,33,7,4,3
6/3/2021,39,27,25,8,5,4
6/2/2021,63,21,19,7,3,3
6/1/2021,30,27,51,6,2,4
5/31/2021,51,12,35,7,2,5
5/30/2021,45,21,32,6,2,7
5/29/2021,47,24,38,6,3,5
5/28/2021,43,32,46,7,4,3
5/27/2021,40,24,35,5,3,2
5/26/2021,45,19,51,3,3,3
5/25/2021,36,20,75,2,2,4
5/24/2021,42,18,32,5,3,2
5/23/2021,53,21,39,3,3,2
5/22/2021,44,25,28,4,3,1
5/21/2021,35,22,27,3,3,2
5/20/2021,38,18,19,4,3,1
5/19/2021,47,16,17,8,3,2
5/18/2021,55,22,22,9,3,2
5/17/2021,45,28,40,5,3,2
5/16/2021,36,23,29,4,3,3
5/15/2021,39,22,16,4,2,4
5/14/2021,51,18,13,5,4,4
5/13/2021,45,24,13,6,3,5
5/12/2021,34,23,19,5,2,4
5/11/2021,60,19,23,5,3,4
5/10/2021,49,29,19,10,5,6
5/9/2021,52,22,19,11,3,5
5/8/2021,66,28,33,8,4,4
5/7/2021,63,39,45,8,5,4
5/6/2021,70,44,56,4,2,3
5/5/2021,68,44,44,7,3,5
5/4/2021,66,29,22,11,3,5
5/3/2021,74,39,31,10,3,4
5/2/2021,86,36,60,5,2,5
5/1/2021,80,48,55,16,6,7
4/30/2021,37,37,48,15,6,6
4/29/2021,44,11,48,7,3,7
4/28/2021,65,13,20,13,2,5
4/27/2021,52,31,31,11,3,1
4/26/2021,39,32,39,3,2,2
4/25/2021,67,25,27,7,2,3
4/24/2021,52,33,57,5,3,4
4/23/2021,65,24,42,7,4,4
4/22/2021,63,43,42,11,6,3
4/21/2021,59,44,43,5,2,0
4/20/2021,70,44,47,6,2,1
4/19/2021,118,58,51,5,3,1
4/18/2021,61,98,68,4,3,3
4/17/2021,59,34,61,6,2,4
4/16/2021,54,27,49,8,3,4
4/15/2021,70,28,41,6,3,3
4/14/2021,56,38,44,6,2,4
4/13/2021,66,35,31,10,6,4
4/12/2021,81,33,34,6,4,3
4/11/2021,63,43,50,12,6,3
4/10/2021,80,40,57,5,3,1
4/9/2021,71,42,61,5,4,2
4/8/2021,66,39,47,9,4,2
4/7/2021,70,41,68,6,4,2
4/6/2021,73,44,72,6,3,2
4/5/2021,92,41,75,4,2,5
4/4/2021,51,41,48,5,2,7
4/3/2021,74,21,39,10,2,5
4/2/2021,49,27,35,10,3,5
4/1/2021,39,18,29,8,3,4
3/31/2021,64,16,39,9,3,5
3/30/2021,83,31,30,11,3,4
3/29/2021,99,35,43,8,3,5
3/28/2021,80,50,50,20,5,5
3/27/2021,48,37,46,12,6,3
3/26/2021,83,27,50,9,4,2
3/25/2021,76,42,58,14,4,3
3/24/2021,97,33,46,10,4,3
3/23/2021,129,55,43,8,3,3
3/22/2021,65,81,41,6,2,3
3/21/2021,66,29,32,7,2,5
3/20/2021,70,25,32,8,3,4
3/19/2021,59,27,36,11,3,4
3/18/2021,68,28,41,6,2,4
3/17/2021,91,29,48,7,2,4
3/16/2021,91,42,48,14,6,5
3/15/2021,70,39,61,10,4,4
3/14/2021,82,32,70,5,2,3
3/13/2021,89,35,70,5,2,4
3/12/2021,67,44,65,9,4,4
3/11/2021,74,35,54,8,2,3
3/10/2021,82,37,50,5,2,3
3/9/2021,72,44,51,7,3,3
3/8/2021,44,35,52,5,2,3
3/7/2021,77,19,41,6,2,3
3/6/2021,101,31,32,8,2,5
3/5/2021,111,39,39,17,2,5
3/4/2021,66,55,32,19,4,5
3/3/2021,56,39,32,6,2,2
3/2/2021,75,31,34,13,3,4
3/1/2021,45,35,46,14,5,5
2/28/2021,42,17,41,6,2,3
2/27/2021,66,16,40,5,2,3
2/26/2021,80,30,39,8,2,4
2/25/2021,70,40,45,13,4,4
2/24/2021,85,41,61,8,2,3
2/23/2021,79,42,61,11,3,4
2/22/2021,117,36,42,15,5,4
2/21/2021,134,42,55,16,5,3
2/20/2021,68,52,66,15,6,4
2/19/2021,96,29,56,4,2,2
2/18/2021,104,43,47,3,2,1
2/17/2021,91,45,43,4,2,3
2/16/2021,77,38,46,5,2,3
2/15/2021,81,30,44,9,3,2
2/14/2021,49,31,44,12,3,2
2/13/2021,71,16,35,7,2,2
2/12/2021,24,25,36,6,2,1
2/11/2021,32,8,30,5,1,1
2/10/2021,64,13,38,5,1,2
2/9/2021,88,30,46,3,2,2
2/8/2021,109,50,57,8,2,4
2/7/2021,98,45,64,10,3,5
2/6/2021,78,46,47,13,5,4
2/5/2021,83,42,50,10,3,3
2/4/2021,71,52,44,11,3,3
2/3/2021,105,52,44,3,2,2
2/2/2021,87,52,43,10,2,4
2/1/2021,76,43,40,15,5,3
1/31/2021,68,42,41,12,4,3
1/30/2021,88,50,47,7,2,2
1/29/2021,82,53,46,3,2,4
1/28/2021,74,38,40,8,3,5
1/27/2021,102,39,49,6,2,4
1/26/2021,97,48,61,12,4,5
1/25/2021,87,43,47,8,3,5
1/24/2021,44,39,44,4,2,4
1/23/2021,99,20,30,10,2,3
1/22/2021,96,50,49,18,5,5
1/21/2021,82,53,39,18,5,5
1/20/2021,75,51,36,15,4,4
1/19/2021,105,52,43,9,3,1
1/18/2021,88,66,51,6,3,2
1/17/2021,121,73,40,4,2,1
1/16/2021,101,69,43,14,5,3
1/15/2021,107,51,44,18,6,3
1/14/2021,99,56,43,20,7,4
1/13/2021,84,51,47,15,7,3
1/12/2021,95,42,46,11,4,2
1/11/2021,74,40,33,11,3,1
1/10/2021,70,39,37,6,3,1
1/9/2021,79,36,35,5,2,1
1/8/2021,88,32,33,9,3,3
1/7/2021,74,42,35,10,2,3
1/6/2021,83,32,38,7,2,1
1/5/2021,90,48,35,16,4,2
1/4/2021,84,52,48,14,5,3
1/3/2021,98,45,45,12,5,3
1/2/2021,75,46,45,13,6,3
1/1/2021,62,31,43,6,3,2
12/31/2020,46,30,42,6,2,2
12/30/2020,87,29,37,11,2,5
12/29/2020,81,41,37,12,5,5
12/28/2020,97,44,39,9,3,5
12/27/2020,69,52,57,14,6,6
12/26/2020,87,48,50,9,3,4
12/25/2020,70,47,39,7,3,4
12/24/2020,53,32,35,10,3,5
12/23/2020,49,19,38,13,2,4
12/22/2020,42,24,38,6,2,2
12/21/2020,37,20,35,5,2,1
12/20/2020,44,16,30,6,2,3
12/19/2020,36,24,22,9,2,3
12/18/2020,28,32,26,13,4,3
12/17/2020,19,15,31,6,2,2
12/16/2020,25,11,36,6,2,2
12/15/2020,72,16,44,8,2,3
12/14/2020,102,35,53,8,2,7
12/13/2020,95,46,65,9,4,8
12/12/2020,57,45,84,10,3,8
12/11/2020,63,24,84,10,2,6
12/10/2020,39,33,34,13,3,6
12/9/2020,39,17,33,7,1,5
12/8/2020,43,19,40,8,2,5
12/7/2020,44,26,0,8,2,5
12/6/2020,62,27,45,7,2,4
12/5/2020,58,36,45,7,3,4
12/4/2020,57,24,39,6,2,4
12/3/2020,50,33,48,4,2,3
12/2/2020,54,32,48,4,3,3
12/1/2020,41,24,35,4,0,3
11/30/2020,57,20,34,5,2,4
11/29/2020,52,28,43,6,2,5
11/28/2020,57,26,38,6,2,5
11/27/2020,52,31,58,5,2,5
11/26/2020,41,32,54,11,4,4
11/25/2020,44,23,41,6,2,4
11/24/2020,54,26,49,5,3,4
11/23/2020,64,27,35,4,2,4
11/22/2020,44,34,48,13,5,5
11/21/2020,71,22,51,6,2,6
11/20/2020,58,31,33,14,4,7
11/19/2020,67,30,28,19,4,6
11/18/2020,48,41,42,16,6,6
11/17/2020,68,33,42,10,3,5
11/16/2020,63,43,54,10,3,5
11/15/2020,55,36,46,8,2,4
11/14/2020,55,27,38,6,2,3
11/13/2020,51,33,50,6,2,3
11/12/2020,44,30,44,5,2,3
11/11/2020,52,34,43,4,2,3
11/10/2020,90,44,60,4,2,3
11/9/2020,116,68,78,3,3,5
11/8/2020,83,58,61,6,4,6
11/7/2020,61,43,36,12,4,5
11/6/2020,48,37,38,17,5,4
11/5/2020,80,32,53,5,2,3
11/4/2020,108,54,64,4,3,4
11/3/2020,71,64,83,4,3,5
11/2/2020,71,47,53,9,3,4
11/1/2020,61,43,53,12,5,3
10/31/2020,85,41,62,4,3,2
10/30/2020,62,49,66,4,3,5
10/29/2020,50,30,49,5,2,5
10/28/2020,43,32,54,4,2,5
10/27/2020,51,31,46,5,2,4
10/26/2020,53,35,53,7,2,4
10/25/2020,78,36,57,3,2,3
10/24/2020,69,64,74,4,3,3
10/23/2020,51,49,59,6,3,3
10/22/2020,48,23,30,7,2,4
10/21/2020,58,23,36,11,2,4
10/20/2020,57,31,45,4,2,3
10/19/2020,58,29,49,5,2,3
10/18/2020,65,35,64,3,2,3
10/17/2020,53,33,43,4,2,3
10/16/2020,59,28,39,4,2,4
10/15/2020,56,34,45,4,2,4
10/14/2020,57,36,57,3,2,4
10/13/2020,70,38,46,5,3,4
10/12/2020,60,43,67,6,3,4
10/11/2020,62,35,60,5,3,3
10/10/2020,59,37,69,3,2,3
10/9/2020,58,35,53,2,2,4
10/8/2020,55,37,50,3,2,5
10/7/2020,58,31,41,3,2,4
10/6/2020,52,43,51,3,2,4
10/5/2020,51,39,49,4,2,6
10/4/2020,51,30,49,8,4,6
10/3/2020,61,31,55,5,3,5
10/2/2020,63,29,52,3,2,5
10/1/2020,41,30,63,3,2,4
9/30/2020,42,20,38,7,2,4
9/29/2020,43,25,48,5,2,4
9/28/2020,39,22,35,9,3,4
9/27/2020,65,17,43,5,2,4
9/26/2020,53,39,59,5,2,4
9/25/2020,77,26,74,4,2,5
9/24/2020,63,37,42,7,2,5
9/23/2020,59,36,58,4,3,5
9/22/2020,56,36,74,3,2,4
9/21/2020,44,30,0,5,3,5
9/20/2020,41,18,48,6,2,4
9/19/2020,52,21,43,4,3,4
9/18/2020,71,28,89,7,6,4
9/17/2020,61,36,89,10,5,5
9/16/2020,40,28,76,8,4,5
9/15/2020,56,18,70,3,3,4
9/14/2020,82,32,70,4,3,4
9/13/2020,57,39,58,9,3,5
9/12/2020,58,24,49,6,2,4
9/11/2020,51,28,48,7,4,4
9/10/2020,73,24,35,7,5,5
9/9/2020,55,33,43,10,4,5
9/8/2020,68,22,55,11,2,5
9/7/2020,75,31,56,5,3,4
9/6/2020,70,38,74,4,4,4
9/5/2020,81,30,68,5,2,5
9/4/2020,101,39,72,2,2,5
9/3/2020,90,49,91,13,6,7
9/2/2020,78,44,96,19,9,7
9/1/2020,51,40,66,13,6,6
8/31/2020,53,25,38,8,4,5
8/30/2020,67,25,53,5,3,5
8/29/2020,42,30,80,5,4,5
8/28/2020,28,17,48,4,2,4
8/27/2020,55,15,27,4,2,4
8/26/2020,87,27,49,7,3,4
8/25/2020,61,43,63,12,6,6
8/24/2020,68,29,48,7,4,5
8/23/2020,40,32,44,7,4,5
8/22/2020,65,23,31,7,5,4
8/21/2020,81,33,32,8,3,4
8/20/2020,60,40,28,7,3,4
8/19/2020,38,30,32,9,3,3
8/18/2020,59,21,31,4,2,3
8/17/2020,66,31,37,9,4,3
8/16/2020,48,32,37,12,7,5
8/15/2020,45,24,43,9,3,3
8/14/2020,26,19,29,6,4,4
8/13/2020,16,13,17,6,2,3
8/12/2020,25,11,22,5,2,3
8/11/2020,29,15,24,4,2,3
8/10/2020,55,16,40,10,6,3
8/9/2020,38,30,47,7,4,1
8/8/2020,48,21,31,5,4,1
8/7/2020,39,20,26,6,4,2
8/6/2020,20,17,30,7,4,2
8/5/2020,13,10,24,5,3,2
8/4/2020,21,8,21,4,3,2
8/3/2020,26,14,27,6,3,2
8/2/2020,72,14,28,6,3,2
8/1/2020,89,26,41,7,4,3
7/31/2020,68,38,43,11,8,3
7/30/2020,58,31,46,9,5,3
7/29/2020,46,23,33,9,6,3
7/28/2020,46,16,25,7,4,2
7/27/2020,48,19,30,5,4,3
7/26/2020,34,24,43,9,4,3
7/25/2020,33,23,43,10,3,3
7/24/2020,19,22,41,7,3,3
7/23/2020,20,13,19,4,3,2
7/22/2020,21,13,26,4,2,1
7/21/2020,20,13,26,5,3,2
7/20/2020,20,13,25,5,2,2
7/19/2020,21,15,26,4,2,3
7/18/2020,29,17,30,4,2,3
7/17/2020,83,19,36,5,2,3
7/16/2020,96,33,45,9,4,5
7/15/2020,66,34,49,9,3,5
7/14/2020,59,33,61,10,4,5
7/13/2020,39,27,43,9,5,6
7/12/2020,39,18,30,5,3,4
7/11/2020,45,18,27,5,3,3
7/10/2020,45,20,31,4,2,1
7/9/2020,37,23,30,5,2,2
7/8/2020,27,20,36,5,2,2
7/7/2020,32,16,38,4,2,2
7/6/2020,38,16,36,3,2,2
7/5/2020,23,21,42,5,3,2
7/4/2020,22,17,34,5,2,2
7/3/2020,23,15,26,3,2,3
7/2/2020,17,13,29,6,2,5
7/1/2020,22,11,29,6,3,5
6/30/2020,33,13,38,4,2,4
6/29/2020,31,16,38,4,2,4
6/28/2020,26,15,36,5,3,4
6/27/2020,24,15,29,4,2,3
6/26/2020,43,11,24,4,2,3
6/25/2020,59,20,38,5,2,3
6/24/2020,51,31,50,9,3,4
6/23/2020,53,29,56,7,3,4
6/22/2020,51,25,48,6,3,4
6/21/2020,55,27,44,7,3,4
6/20/2020,34,26,50,8,3,5
6/19/2020,18,20,44,5,2,3
6/18/2020,25,17,38,5,2,3
6/17/2020,24,19,38,5,2,3
6/16/2020,19,19,34,5,2,3
6/15/2020,21,17,26,6,2,3
6/14/2020,15,15,26,4,2,3
6/13/2020,24,17,28,5,1,3
6/12/2020,34,13,39,5,2,3
6/11/2020,32,17,39,11,5,4
6/10/2020,23,19,30,9,3,4
6/9/2020,17,11,28,8,2,3
6/8/2020,24,12,28,6,2,3
6/7/2020,22,19,30,7,2,3
6/6/2020,17,17,30,8,2,3
6/5/2020,24,15,28,5,2,3
6/4/2020,20,19,32,5,2,3
6/3/2020,33,16,26,4,1,3
6/2/2020,44,16,26,5,1,3
6/1/2020,41,24,27,10,3,4
5/31/2020,55,26,35,12,4,4
5/30/2020,66,29,45,11,2,4
5/29/2020,49,32,46,5,3,4
5/28/2020,47,24,51,6,2,4
5/27/2020,31,26,38,9,3,4
5/26/2020,25,18,35,7,2,3
5/25/2020,41,15,42,6,2,3
5/24/2020,42,26,70,9,3,3
5/23/2020,21,19,53,9,3,4
5/22/2020,47,8,40,5,1,3
5/21/2020,76,18,39,6,1,4
5/20/2020,73,42,49,8,3,4
5/19/2020,41,39,62,8,4,5
5/18/2020,40,18,34,10,2,4
5/17/2020,30,22,40,6,3,3
5/16/2020,57,13,39,4,2,3
5/15/2020,72,30,54,7,2,4
5/14/2020,80,43,81,9,5,4
5/13/2020,76,45,101,5,3,5
5/12/2020,62,27,70,5,2,6
5/11/2020,66,24,77,6,2,7
5/10/2020,53,30,68,12,4,4
5/9/2020,56,20,40,8,2,3
5/8/2020,41,17,0,6,2,3
5/7/2020,63,16,42,6,1,3
5/6/2020,57,28,39,10,3,3
5/5/2020,67,27,48,9,2,3
5/4/2020,73,29,48,11,2,4
5/3/2020,73,33,46,11,5,4
5/2/2020,84,33,79,10,4,3
5/1/2020,87,39,79,13,4,4
4/30/2020,68,44,83,14,5,4
4/29/2020,62,42,50,10,3,3
4/28/2020,84,44,73,7,2,3
4/27/2020,88,44,73,19,6,4
4/26/2020,71,44,92,14,7,4
4/25/2020,51,41,66,11,5,3
4/24/2020,47,22,47,5,2,2
4/23/2020,45,18,43,5,1,3
4/22/2020,62,24,49,6,2,3
4/21/2020,75,30,47,8,2,5
4/20/2020,80,35,47,9,2,6
4/19/2020,71,40,39,10,3,5
4/18/2020,82,40,38,13,5,5
4/17/2020,108,44,55,12,5,4
4/16/2020,107,49,59,14,7,4
4/15/2020,86,49,70,13,7,4
4/14/2020,71,47,72,6,3,3
4/13/2020,55,37,63,8,3,2
4/12/2020,108,25,47,6,3,4
4/11/2020,73,53,41,24,7,5
4/10/2020,82,41,74,12,5,3
4/9/2020,60,45,74,14,5,2
4/8/2020,87,35,50,13,4,1
4/7/2020,75,39,46,14,6,3
4/6/2020,73,35,41,18,2,2
4/5/2020,67,34,39,5,2,1
4/4/2020,60,28,41,8,3,3
4/3/2020,53,19,35,9,2,3
4/2/2020,64,20,43,5,2,3
4/1/2020,0,29,44,7,2,4
3/30/2020,44,0,0,0,0,0
3/29/2020,44,21,33,4,2,2
3/28/2020,62,20,36,3,1,3
3/27/2020,65,28,33,15,4,5
3/26/2020,67,28,43,14,3,5
3/25/2020,62,37,47,13,4,4
3/24/2020,76,32,56,5,3,4
3/23/2020,119,37,51,5,2,6
3/22/2020,83,51,45,15,6,7
3/21/2020,90,56,45,14,4,4
3/20/2020,123,51,60,11,2,6
3/19/2020,124,52,24,21,5,8
3/18/2020,85,51,51,19,5,6
3/17/2020,76,51,54,17,5,3
3/16/2020,75,50,58,7,3,3
3/15/2020,62,40,56,2,2,3
3/14/2020,76,25,43,3,1,4
3/13/2020,58,33,37,16,3,5
3/12/2020,53,20,47,12,1,4
3/11/2020,45,26,50,2,2,3
3/10/2020,79,18,47,8,2,4
3/9/2020,76,31,36,8,2,4
3/8/2020,68,32,42,7,2,4
3/7/2020,60,29,42,11,4,3
3/6/2020,43,22,50,4,2,1
3/5/2020,55,17,41,3,1,1
3/4/2020,60,20,43,4,1,2
3/3/2020,57,22,0,2,2,2
3/2/2020,71,28,43,3,1,3
3/1/2020,79,31,40,13,3,4
2/29/2020,65,36,42,14,4,3
2/28/2020,62,30,48,7,3,3
2/27/2020,91,25,55,2,1,4
2/26/2020,95,38,61,12,3,5
2/25/2020,87,47,72,20,5,5
2/24/2020,79,54,56,12,3,4
2/23/2020,77,51,62,1,2,2
2/22/2020,59,34,53,12,3,3
2/21/2020,60,25,52,12,3,1
2/20/2020,48,27,48,7,3,2
2/19/2020,47,18,51,4,2,1
2/18/2020,34,20,52,1,2,1
2/17/2020,31,14,44,1,1,1
2/16/2020,52,9,26,9,2,5
2/15/2020,57,16,35,14,2,6
2/14/2020,96,18,37,13,2,5
2/13/2020,123,47,39,15,2,5
2/12/2020,90,47,46,17,3,6
2/11/2020,74,36,48,12,3,3
2/10/2020,51,28,57,2,2,3
2/9/2020,41,16,44,1,1,3
2/8/2020,40,13,37,1,1,3
2/7/2020,63,13,43,2,1,3
2/6/2020,49,24,45,1,1,3
2/5/2020,62,15,49,1,2,3
2/4/2020,109,17,35,5,1,4
2/3/2020,107,39,45,8,3,3
2/2/2020,92,39,59,7,3,4
2/1/2020,91,33,59,1,2,3
1/31/2020,71,30,53,2,2,2
1/30/2020,49,22,50,1,2,2
1/29/2020,35,13,43,1,1,3
1/28/2020,26,11,33,3,1,2
1/27/2020,28,8,39,3,2,3
1/26/2020,109,9,35,4,1,4
1/25/2020,71,40,39,4,3,4
1/24/2020,121,27,38,3,2,7
1/23/2020,130,47,49,13,4,10
1/22/2020,90,51,63,22,5,9
1/21/2020,66,36,63,3,2,6
1/20/2020,60,23,49,3,2,6
1/19/2020,53,22,49,5,2,5
1/18/2020,52,22,34,6,2,5
1/17/2020,72,20,39,5,1,4
1/16/2020,101,27,46,8,2,5
1/15/2020,100,44,48,5,2,5
1/14/2020,65,46,57,13,5,5
1/13/2020,59,30,58,5,2,4
1/12/2020,86,26,33,9,2,7
1/11/2020,94,44,57,6,3,4
1/10/2020,78,46,57,12,5,5
1/9/2020,76,41,60,5,2,8
1/8/2020,85,46,58,14,4,9
1/7/2020,99,38,37,17,5,8
1/6/2020,75,43,43,17,5,7
1/5/2020,76,38,45,14,3,6
1/4/2020,77,35,45,14,5,5
1/3/2020,57,39,44,15,5,6
1/2/2020,57,25,42,8,3,4
1/1/2020,0,23,35,5,2,4
12/30/2019,117,0,0,0,0,0
12/29/2019,73,51,32,24,6,7
12/28/2019,69,39,38,9,3,4
12/27/2019,82,35,34,9,2,7
12/26/2019,52,31,46,14,3,7
12/25/2019,79,22,32,10,3,5
12/24/2019,58,36,41,12,4,6
12/23/2019,60,26,43,7,2,5
12/22/2019,50,22,30,9,3,5
12/21/2019,41,16,27,12,2,4
12/20/2019,61,18,32,8,2,5
12/19/2019,114,30,37,9,3,8
12/18/2019,114,54,42,17,4,9
12/17/2019,89,51,39,28,9,8
12/16/2019,75,45,46,16,5,6
12/15/2019,102,40,47,10,4,4
12/14/2019,72,55,46,15,6,6
12/13/2019,88,44,50,10,4,3
12/12/2019,68,55,54,7,3,3
12/11/2019,113,30,49,12,5,4
12/10/2019,89,53,44,18,7,5
12/9/2019,65,48,45,16,6,4
12/8/2019,57,32,45,6,3,3
12/7/2019,54,26,38,6,3,3
12/6/2019,71,18,38,9,2,4
12/5/2019,77,31,46,7,2,5
12/4/2019,87,45,48,5,3,4
12/3/2019,63,49,44,6,4,5
12/2/2019,92,28,43,7,2,6
12/1/2019,67,43,57,18,6,6
11/30/2019,60,38,40,16,4,4
11/29/2019,55,29,46,7,2,7
11/28/2019,54,29,29,9,3,3
11/27/2019,50,28,34,7,2,3
11/26/2019,59,23,36,5,1,3
11/25/2019,63,39,46,5,2,3
11/24/2019,46,29,41,12,3,4
11/23/2019,77,21,38,8,3,4
11/22/2019,60,44,37,16,6,5
11/21/2019,62,38,41,7,2,3
11/20/2019,74,46,42,3,1,3
11/19/2019,109,57,50,5,2,5
11/18/2019,84,61,62,13,7,7
11/17/2019,74,47,60,16,6,5
11/16/2019,64,43,49,13,5,5
11/15/2019,99,45,62,6,1,4
11/14/2019,108,63,67,6,3,6
11/13/2019,97,64,85,14,6,7
11/12/2019,102,51,92,9,3,6
11/11/2019,61,50,79,16,8,6
11/10/2019,81,33,62,7,2,4
11/9/2019,74,47,74,5,1,4
11/8/2019,74,40,66,4,1,4
11/7/2019,70,43,59,9,2,4
11/6/2019,81,38,0,4,1,4
11/5/2019,92,49,70,4,1,4
11/4/2019,94,61,76,4,2,4
11/3/2019,56,60,75,7,2,5
11/2/2019,68,35,55,6,2,3
11/1/2019,88,51,64,7,3,4
10/31/2019,123,62,66,7,3,4
10/30/2019,52,88,73,6,4,4
10/29/2019,70,27,56,8,3,6
10/28/2019,100,32,53,9,5,6
10/27/2019,90,48,55,6,4,5
10/26/2019,83,46,76,5,4,4
10/25/2019,86,43,82,4,4,4
10/24/2019,80,42,66,6,4,4
10/23/2019,74,40,61,6,3,4
10/22/2019,79,38,71,5,3,3
10/21/2019,74,41,85,4,3,4
10/20/2019,84,38,78,4,3,3
10/19/2019,72,45,80,4,3,4
10/18/2019,60,36,73,4,2,3
10/17/2019,62,33,67,5,3,2
10/16/2019,48,37,54,4,3,2
10/15/2019,71,31,42,4,2,2
10/14/2019,91,32,58,5,2,4
10/13/2019,91,44,67,5,1,7
10/12/2019,98,39,87,6,3,6
10/11/2019,69,44,94,7,4,6
10/10/2019,90,31,76,5,2,6
10/9/2019,98,42,61,5,1,6
10/8/2019,78,48,67,7,4,6
10/7/2019,78,37,55,4,2,5
10/6/2019,92,42,55,4,1,5
10/5/2019,109,41,80,6,3,6
10/4/2019,126,42,68,6,7,7
10/3/2019,120,48,66,5,4,7
10/2/2019,62,50,81,9,9,7
10/1/2019,35,29,63,7,6,5
9/30/2019,62,20,42,5,2,4
9/29/2019,69,32,78,6,2,5
9/28/2019,85,34,71,5,1,5
9/27/2019,83,42,69,5,2,5
9/26/2019,77,41,61,4,2,5
9/25/2019,76,40,84,3,2,4
9/24/2019,65,42,71,3,1,4
9/23/2019,73,32,78,4,1,4
9/22/2019,82,39,70,7,3,4
9/21/2019,67,46,58,13,7,5
9/20/2019,62,41,60,5,1,4
9/19/2019,73,42,58,4,1,4
9/18/2019,69,44,67,4,1,5
9/17/2019,77,40,70,3,1,5
9/16/2019,61,37,57,5,1,6
9/15/2019,77,30,61,4,1,5
9/14/2019,51,36,55,4,2,5
9/13/2019,41,20,41,4,1,4
9/12/2019,63,20,42,4,1,4
9/11/2019,63,31,47,7,2,5
9/10/2019,74,22,54,6,1,5
9/9/2019,81,29,64,6,2,5
9/8/2019,66,34,84,9,6,6
9/7/2019,67,29,62,10,5,6
9/6/2019,33,30,50,11,5,6
9/5/2019,29,15,30,4,1,4
9/4/2019,41,15,30,3,1,3
9/3/2019,47,23,35,9,3,4
9/2/2019,41,23,43,8,3,4
9/1/2019,62,19,45,3,1,4
8/31/2019,44,27,50,3,3,5
8/30/2019,37,19,34,3,3,4
8/29/2019,56,19,42,5,3,4
8/28/2019,50,30,53,6,4,5
8/27/2019,36,23,23,8,4,5
8/26/2019,26,19,21,3,2,4
8/25/2019,24,20,24,2,1,4
8/24/2019,43,20,22,3,1,3
8/23/2019,70,24,32,5,3,5
8/22/2019,83,26,59,5,3,5
8/21/2019,66,35,55,7,2,6
8/20/2019,63,26,44,4,1,5
8/19/2019,54,27,45,5,2,5
8/18/2019,78,25,49,7,3,5
8/17/2019,66,36,62,8,4,5
8/16/2019,76,30,49,10,4,6
8/15/2019,97,32,50,8,5,7
8/14/2019,85,43,57,11,6,8
8/13/2019,83,38,52,11,5,7
8/12/2019,78,38,58,9,5,7
8/11/2019,69,31,47,8,2,5
8/10/2019,49,35,42,3,2,3
8/9/2019,47,27,34,9,6,3
8/8/2019,71,24,29,6,2,2
8/7/2019,35,32,34,4,2,2
8/6/2019,45,19,30,4,2,2
8/5/2019,55,23,34,6,2,3
8/4/2019,41,26,44,7,3,3
8/3/2019,38,20,30,4,2,3
8/2/2019,33,16,38,5,2,3
8/1/2019,69,13,30,4,2,2
7/31/2019,58,32,38,9,4,3
7/30/2019,48,26,32,10,5,3
7/29/2019,49,20,35,7,4,2
7/28/2019,73,21,48,8,3,3
7/27/2019,66,38,56,12,4,4
7/26/2019,55,30,40,12,5,4
7/25/2019,55,22,29,5,3,3
7/24/2019,48,22,29,5,3,3
7/23/2019,55,20,21,8,3,3
7/22/2019,56,22,29,9,3,3
7/21/2019,86,25,40,7,2,3
7/20/2019,70,41,44,13,4,4
7/19/2019,31,35,48,7,4,4
7/18/2019,62,17,31,4,1,2
7/17/2019,84,30,29,5,2,3
7/16/2019,72,36,38,7,3,4
7/15/2019,67,34,30,6,2,4
7/14/2019,66,35,28,4,2,3
7/13/2019,54,33,27,4,2,3
7/12/2019,40,26,28,4,2,3
7/11/2019,49,15,24,5,2,3
7/10/2019,62,20,20,4,1,3
7/9/2019,53,31,28,4,2,3
7/8/2019,56,26,27,4,2,3
7/7/2019,58,28,28,4,2,3
7/6/2019,51,29,29,6,2,3
7/5/2019,38,26,25,4,2,3
7/4/2019,28,17,19,5,2,3
7/3/2019,53,10,24,4,2,3
7/2/2019,41,21,31,7,2,3
7/1/2019,50,17,34,9,4,3
6/30/2019,61,20,26,6,3,3
6/29/2019,60,22,28,7,2,3
6/28/2019,69,21,32,5,2,4
6/27/2019,61,24,41,8,3,4
6/26/2019,46,19,32,10,1,4
6/25/2019,46,16,22,12,1,5
6/24/2019,49,13,31,10,1,4
6/23/2019,49,22,31,6,2,3
6/22/2019,55,24,33,6,2,3
6/21/2019,58,24,33,7,3,3
6/20/2019,51,25,36,7,3,4
6/19/2019,58,18,27,6,2,3
6/18/2019,71,19,37,6,3,3
6/17/2019,97,31,67,5,4,3
6/16/2019,59,44,91,6,5,4
6/15/2019,63,26,74,3,3,3
6/14/2019,67,22,40,10,3,5
6/13/2019,76,22,36,9,1,5
6/12/2019,62,28,45,6,2,5
6/11/2019,64,25,31,8,3,6
6/10/2019,57,25,23,14,5,6
6/9/2019,61,23,24,8,2,5
6/8/2019,66,24,28,7,2,4
6/7/2019,53,28,23,9,5,5
6/6/2019,61,19,22,5,2,4
6/5/2019,64,23,26,7,2,5
6/4/2019,53,23,24,9,4,5
6/3/2019,60,18,26,11,2,5
6/2/2019,61,21,35,8,3,5
6/1/2019,70,21,42,6,3,5
5/31/2019,67,33,66,11,5,5
5/30/2019,60,37,68,5,5,5
5/29/2019,59,28,44,4,3,4
5/28/2019,45,25,32,10,4,5
5/27/2019,76,16,30,13,2,5
5/26/2019,106,29,36,7,3,5
5/25/2019,87,44,53,14,5,6
5/24/2019,85,43,59,12,3,5
5/23/2019,101,40,66,12,3,5
5/22/2019,97,61,63,7,5,6
5/21/2019,76,59,65,6,3,5
5/20/2019,74,28,38,7,2,5
5/19/2019,94,30,31,5,2,5
5/18/2019,76,35,35,17,6,7
5/17/2019,81,28,30,10,3,6
5/16/2019,83,27,38,13,5,5
5/15/2019,90,30,43,5,4,5
5/14/2019,92,37,49,13,5,5
5/13/2019,86,40,58,12,6,5
5/12/2019,90,40,74,8,6,4
5/11/2019,84,41,71,9,6,5
5/10/2019,69,42,61,7,5,4
5/9/2019,60,27,38,16,2,3
5/8/2019,61,26,46,16,3,1
5/7/2019,43,31,52,4,3,1
5/6/2019,75,16,47,5,1,1
5/5/2019,62,35,53,8,3,2
5/4/2019,78,42,65,7,3,1
5/3/2019,118,53,72,5,4,1
5/2/2019,46,57,55,8,4,3
5/1/2019,64,17,31,8,2,4
4/30/2019,78,28,39,9,3,2
4/29/2019,64,34,57,13,6,3
4/28/2019,72,26,62,5,5,2
4/27/2019,76,31,47,6,3,3
4/26/2019,93,32,54,8,3,3
4/25/2019,84,43,42,11,4,3
4/24/2019,81,43,39,9,5,3
4/23/2019,69,36,45,14,7,5
4/22/2019,59,28,34,17,4,4
4/21/2019,84,19,31,27,5,5
4/20/2019,89,29,35,29,2,7
4/19/2019,97,30,65,28,2,7
4/18/2019,108,46,106,26,7,6
4/17/2019,83,45,58,24,4,7
4/16/2019,96,35,56,20,4,4
4/15/2019,102,46,72,8,3,5
4/14/2019,77,39,46,26,4,6
4/13/2019,63,31,44,20,2,4
4/12/2019,51,27,40,11,2,5
4/11/2019,92,20,31,15,2,5
4/10/2019,68,41,35,19,5,5
4/9/2019,89,27,37,15,4,4
4/8/2019,125,32,50,18,4,5
4/7/2019,85,48,59,19,5,6
4/6/2019,59,31,51,15,4,5
4/5/2019,40,22,47,16,4,6
4/4/2019,73,16,42,13,4,7
4/3/2019,71,42,45,11,4,8
4/2/2019,67,40,45,12,3,6
4/1/2019,99,32,52,6,3,6
3/31/2019,69,54,68,8,3,6
3/30/2019,80,28,62,11,4,7
3/29/2019,99,36,37,14,3,5
3/28/2019,91,42,45,16,5,6
3/27/2019,93,42,51,16,6,5
3/26/2019,70,37,50,8,4,6
3/25/2019,49,23,32,17,3,6
3/24/2019,58,20,38,12,2,3
3/23/2019,55,27,36,12,4,4
3/22/2019,106,25,34,18,3,5
3/21/2019,95,44,36,24,5,5
3/20/2019,81,42,43,23,4,5
3/19/2019,96,32,61,9,4,4
3/18/2019,101,37,54,18,4,5
3/17/2019,86,52,62,14,4,4
3/16/2019,61,51,62,23,4,4
3/15/2019,116,30,50,13,4,4
3/14/2019,125,55,45,9,3,6
3/13/2019,125,61,47,14,4,7
3/12/2019,90,53,53,14,4,7
3/11/2019,73,41,43,9,3,7
3/10/2019,56,26,27,12,3,7
3/9/2019,65,15,36,15,4,6
3/8/2019,78,20,40,7,2,5
3/7/2019,76,30,38,6,3,6
3/6/2019,76,29,34,16,3,7
3/5/2019,78,30,36,14,3,6
3/4/2019,71,29,35,6,2,7
3/3/2019,86,24,33,10,3,5
3/2/2019,63,35,38,9,3,6
3/1/2019,91,27,36,6,3,5
2/28/2019,81,40,36,6,2,6
2/27/2019,79,35,38,6,3,5
2/26/2019,65,33,37,5,2,5
2/25/2019,36,23,36,6,3,7
2/24/2019,63,11,32,7,2,6
2/23/2019,47,26,35,6,0,7
2/22/2019,63,14,34,4,2,5
2/21/2019,78,22,26,5,2,6
2/20/2019,75,28,27,10,2,6
2/19/2019,50,29,28,13,0,6
2/18/2019,44,16,29,8,0,4
2/17/2019,56,15,30,5,2,5
2/16/2019,57,20,31,7,2,5
2/15/2019,52,22,37,9,2,5
2/14/2019,65,19,32,5,2,5
2/13/2019,36,23,33,4,2,6
2/12/2019,54,11,35,5,2,5
2/11/2019,39,17,32,4,2,5
2/10/2019,49,13,30,4,2,5
2/9/2019,56,16,29,5,2,5
2/8/2019,116,18,31,3,2,6
2/7/2019,149,45,34,9,2,7
2/6/2019,169,57,35,8,3,9
2/5/2019,85,74,33,6,3,9
2/4/2019,107,31,0,5,2,7
2/3/2019,89,51,31,10,3,8
2/2/2019,61,38,33,9,3,6
2/1/2019,103,28,35,4,0,5
1/31/2019,100,44,32,12,3,7
1/30/2019,74,46,37,15,3,8
1/29/2019,75,34,40,11,3,5
1/28/2019,85,37,39,10,3,5
1/27/2019,119,40,41,5,2,3
1/26/2019,121,57,44,5,3,5
1/25/2019,124,54,47,13,3,6
1/24/2019,124,56,48,9,3,6
1/23/2019,127,55,46,8,3,7
1/22/2019,121,56,37,9,3,10
1/21/2019,130,52,34,7,3,9
1/20/2019,111,61,38,16,4,7
1/19/2019,86,56,40,17,4,5
1/18/2019,82,48,41,7,3,5
1/17/2019,51,41,37,8,3,9
1/16/2019,90,23,30,8,2,8
1/15/2019,74,38,28,12,2,7
1/14/2019,69,33,31,7,3,8
1/13/2019,59,35,28,10,3,9
1/12/2019,82,29,26,10,2,6
1/11/2019,80,37,28,12,3,6
1/10/2019,53,35,31,15,4,9
1/9/2019,75,27,21,10,3,10
1/8/2019,58,39,16,16,4,10
1/7/2019,64,25,15,13,3,9
1/6/2019,72,30,12,13,3,10
1/5/2019,72,33,11,15,3,8
1/4/2019,47,31,17,17,4,8
1/3/2019,39,14,19,10,0,6
1/2/2019,36,13,22,7,2,5
1/1/2019,0,16,23,7,2,4
12/31/2018,58,0,0,0,0,0
12/30/2018,88,20,22,5,2,4
12/29/2018,60,37,28,6,3,5
12/28/2018,59,23,106,5,2,3
12/27/2018,83,30,38,7,3,4
12/26/2018,64,40,36,15,5,11
12/25/2018,43,25,35,12,4,4
12/24/2018,100,15,37,6,3,5
12/23/2018,125,43,46,15,5,6
12/22/2018,110,53,49,21,7,7
12/21/2018,106,50,45,11,4,5
12/20/2018,114,55,47,23,9,8
12/19/2018,79,61,52,20,8,8
12/18/2018,56,48,46,9,3,6
12/17/2018,96,31,31,11,3,6
12/16/2018,56,43,19,27,8,8
12/15/2018,33,24,25,14,2,5
12/14/2018,58,14,21,5,2,6
12/13/2018,55,22,19,9,3,8
12/12/2018,68,25,21,8,3,7
12/11/2018,59,34,25,12,8,8
12/10/2018,29,29,20,14,7,6
12/9/2018,29,11,23,4,2,4
12/8/2018,42,13,25,2,2,4
12/7/2018,88,23,26,5,3,5
12/6/2018,73,41,29,12,6,7
12/5/2018,121,34,30,6,3,7
12/4/2018,139,52,35,20,12,6
12/3/2018,107,62,39,20,11,7
12/2/2018,112,52,33,13,7,7
12/1/2018,109,59,32,16,8,8
11/30/2018,91,56,36,12,7,8
11/29/2018,80,46,43,12,4,5
11/28/2018,75,41,40,19,4,5
11/27/2018,53,35,42,13,3,5
11/26/2018,88,21,34,15,3,4
11/25/2018,67,45,37,20,9,6
11/24/2018,70,36,40,14,3,5
11/23/2018,54,33,39,9,3,5
11/22/2018,109,24,40,11,3,8
11/21/2018,63,46,45,19,7,9
11/20/2018,75,28,36,11,3,7
11/19/2018,71,33,35,13,4,7
11/18/2018,51,25,33,15,6,6
11/17/2018,86,22,35,12,3,5
11/16/2018,73,41,46,12,4,5
11/15/2018,71,36,48,8,3,5
11/14/2018,63,35,45,8,3,6
11/13/2018,91,27,39,10,3,7
11/12/2018,85,39,41,15,6,8
11/11/2018,79,37,41,11,4,7
11/10/2018,89,34,33,13,3,7
11/9/2018,86,41,37,16,5,7
11/8/2018,90,37,41,18,6,5
11/7/2018,85,37,43,15,6,5
11/6/2018,78,39,43,16,9,6
11/5/2018,88,37,41,18,7,7
11/4/2018,66,41,31,20,8,7
11/3/2018,24,27,32,23,7,6
11/2/2018,82,7,41,10,2,4
11/1/2018,76,39,45,7,3,4
10/31/2018,80,44,47,7,3,5
10/30/2018,90,49,52,13,4,4
10/29/2018,84,51,53,20,8,6
10/28/2018,97,53,59,9,4,5
10/27/2018,115,49,51,9,4,7
10/26/2018,82,48,48,14,7,6
10/25/2018,75,38,56,11,4,6
10/24/2018,86,34,57,9,4,7
10/23/2018,92,34,42,11,4,7
10/22/2018,62,36,42,14,4,6
10/21/2018,73,29,57,7,3,5
10/20/2018,86,34,51,7,3,5
10/19/2018,81,40,47,8,3,5
10/18/2018,54,39,46,9,3,5
10/17/2018,69,22,39,11,3,5
10/16/2018,58,27,42,9,3,5
10/15/2018,60,24,41,10,3,5
10/14/2018,57,28,41,9,3,5
10/13/2018,62,26,44,8,2,4
10/12/2018,63,30,44,8,3,4
10/11/2018,110,24,46,9,3,6
10/10/2018,88,51,50,9,3,5
10/9/2018,92,41,52,7,3,4
10/8/2018,93,43,66,6,3,4
10/7/2018,103,46,65,12,7,5
10/6/2018,99,49,59,15,6,5
10/5/2018,81,51,59,8,3,3
10/4/2018,70,39,52,7,3,3
10/3/2018,90,39,58,6,3,4
10/2/2018,96,52,58,8,3,6
10/1/2018,93,48,57,12,4,5
9/30/2018,79,43,59,13,6,4
9/29/2018,64,39,46,8,3,4
9/28/2018,65,36,50,8,3,4
9/27/2018,71,37,48,6,3,5
9/26/2018,68,33,42,6,3,5
9/25/2018,50,31,44,9,3,5
9/24/2018,98,17,49,8,5,5
9/23/2018,69,37,42,9,6,4
9/22/2018,100,28,43,11,6,4
9/21/2018,68,37,42,10,5,4
9/20/2018,66,26,39,9,4,6
9/19/2018,78,30,39,12,6,7
9/18/2018,64,33,34,10,5,5
9/17/2018,52,31,25,6,3,4
9/16/2018,31,33,26,5,2,4
9/15/2018,45,24,38,7,3,4
9/14/2018,79,24,52,14,6,5
9/13/2018,56,38,43,8,4,5
9/12/2018,63,22,46,10,4,5
9/11/2018,67,29,44,8,3,5
9/10/2018,31,30,40,9,3,6
9/9/2018,71,10,42,13,4,7
9/8/2018,97,26,45,13,6,5
9/7/2018,108,39,48,11,6,5
9/6/2018,110,41,44,11,4,5
9/5/2018,91,42,41,16,9,5
9/4/2018,86,42,41,12,5,5
9/3/2018,81,38,36,12,9,4
9/2/2018,86,37,25,15,10,5
9/1/2018,35,37,27,8,4,3
8/31/2018,22,14,37,6,3,4
8/30/2018,34,9,39,7,3,5
8/29/2018,30,10,38,8,3,4
8/28/2018,71,10,44,6,3,6
8/27/2018,68,21,43,8,3,6
8/26/2018,80,19,36,18,6,7
8/25/2018,73,32,39,16,9,6
8/24/2018,86,33,41,15,7,7
8/23/2018,65,35,32,8,3,6
8/22/2018,37,24,27,7,4,5
8/21/2018,49,15,29,8,4,5
8/20/2018,59,17,36,7,5,5
8/19/2018,83,24,43,9,5,6
8/18/2018,73,34,40,9,4,5
8/17/2018,66,34,34,6,4,5
8/16/2018,63,27,30,9,4,6
8/15/2018,50,22,0,6,3,5
8/14/2018,78,14,38,6,4,4
8/13/2018,129,28,58,13,8,5
8/12/2018,107,54,45,10,6,4
8/11/2018,85,44,37,9,5,4
8/10/2018,71,31,34,6,4,4
8/9/2018,67,27,37,6,4,5
8/8/2018,83,28,44,10,6,5
8/7/2018,106,34,51,13,8,6
8/6/2018,70,45,45,12,8,6
8/5/2018,102,34,46,13,8,7
8/4/2018,86,43,37,12,7,6
8/3/2018,100,36,43,16,8,7
8/2/2018,95,44,43,19,12,7
8/1/2018,134,43,50,15,8,7
7/31/2018,130,58,57,12,8,7
7/30/2018,114,57,53,12,6,7
7/29/2018,100,51,41,13,9,6
7/28/2018,86,45,32,9,5,5
7/27/2018,81,38,37,10,5,4
7/26/2018,64,41,24,6,3,4
7/25/2018,64,30,31,6,3,4
7/24/2018,90,34,43,11,7,5
7/23/2018,83,40,36,9,4,4
7/22/2018,73,37,37,8,4,3
7/21/2018,46,31,38,7,3,3
7/20/2018,28,27,29,6,3,3
7/19/2018,40,24,26,7,3,3
7/18/2018,43,24,20,6,3,3
7/17/2018,43,29,28,7,3,3
7/16/2018,48,25,31,7,3,3
7/15/2018,54,25,35,9,4,4
7/14/2018,69,29,40,10,7,5
7/13/2018,40,32,30,9,3,4
7/12/2018,67,12,37,8,4,4
7/11/2018,41,36,37,7,3,3
7/10/2018,67,24,44,10,6,3
7/9/2018,67,32,28,13,6,3
7/8/2018,56,32,28,12,5,3
7/7/2018,61,26,32,10,6,3
7/6/2018,58,30,33,8,4,2
7/5/2018,0,29,30,12,5,4
7/1/2018,70,0,0,0,0,0
6/30/2018,76,42,30,15,8,5
6/29/2018,50,37,42,13,6,4
6/28/2018,63,23,38,8,5,3
6/27/2018,51,32,44,11,5,4
6/26/2018,41,19,29,9,5,3
6/25/2018,45,18,24,9,6,3
6/24/2018,46,16,26,7,4,3
6/23/2018,49,19,26,13,4,3
6/22/2018,52,23,27,10,4,3
6/21/2018,65,24,32,13,4,5
6/20/2018,41,34,36,9,5,5
6/19/2018,40,16,37,8,4,5
6/18/2018,74,15,36,10,3,5
6/17/2018,64,31,49,11,3,5
6/16/2018,38,40,50,7,4,4
6/15/2018,67,23,48,7,3,4
6/14/2018,97,33,50,8,3,5
6/13/2018,92,52,57,10,4,6
6/12/2018,68,41,68,9,6,8
6/11/2018,67,27,47,9,5,7
6/10/2018,43,28,31,9,3,6
6/9/2018,63,21,39,7,3,4
6/8/2018,67,34,48,9,4,5
6/7/2018,68,30,47,8,3,6
6/6/2018,77,26,39,8,5,4
6/5/2018,78,32,43,7,3,5
6/4/2018,94,31,56,6,3,5
6/3/2018,66,43,67,7,4,5
6/2/2018,52,32,62,7,3,4
6/1/2018,88,21,47,9,3,4
5/31/2018,86,42,45,14,9,6
5/30/2018,94,37,43,12,6,6
5/29/2018,89,37,55,8,4,5
5/28/2018,89,41,64,11,6,4
5/27/2018,79,46,53,14,7,4
5/26/2018,88,38,50,11,5,4
5/25/2018,86,49,54,6,4,4
5/24/2018,84,57,62,9,5,4
5/23/2018,73,37,41,11,5,4
5/22/2018,70,29,41,9,5,3
5/21/2018,76,24,44,11,5,3
5/20/2018,92,28,35,13,6,4
5/19/2018,91,38,49,17,6,5
5/18/2018,71,44,46,16,7,4
5/17/2018,67,30,41,11,6,3
5/16/2018,52,25,31,11,5,3
5/15/2018,86,23,31,10,5,3
5/14/2018,104,35,39,15,7,4
5/13/2018,96,49,45,12,6,7
5/12/2018,81,52,57,16,10,5
5/11/2018,80,46,78,10,5,4
5/10/2018,73,53,63,12,4,4
5/9/2018,60,35,58,10,3,4
5/8/2018,46,23,47,13,7,4
5/7/2018,55,17,35,12,4,3
5/6/2018,93,26,52,11,4,3
5/5/2018,73,50,61,18,8,4
5/4/2018,82,41,48,12,4,3
5/3/2018,79,40,48,13,4,5
5/2/2018,69,36,35,14,5,4
5/1/2018,86,30,31,12,5,4
4/30/2018,116,41,50,14,5,5
4/29/2018,111,51,67,11,5,5
4/28/2018,115,52,70,10,5,5
4/27/2018,96,51,66,9,5,6
4/26/2018,89,49,68,9,4,6
4/25/2018,84,40,44,9,3,6
4/24/2018,65,36,35,15,6,6
4/23/2018,94,27,36,13,5,4
4/22/2018,104,46,41,17,7,5
4/21/2018,95,53,43,17,6,5
4/20/2018,85,57,46,15,5,5
4/19/2018,87,52,53,12,5,4
4/18/2018,93,47,61,10,4,4
4/17/2018,110,58,59,9,4,5
4/16/2018,70,89,45,10,3,4
4/15/2018,93,40,30,15,5,5
4/14/2018,86,32,24,20,7,5
4/13/2018,77,32,28,17,5,4
4/12/2018,86,37,37,15,5,4
4/11/2018,119,43,43,18,7,5
4/10/2018,129,69,61,22,9,6
4/9/2018,105,74,62,22,13,5
4/8/2018,106,77,48,9,4,4
4/7/2018,84,78,39,7,3,3
4/6/2018,80,38,27,16,7,5
4/5/2018,92,33,32,15,5,3
4/4/2018,105,48,39,13,5,6
4/3/2018,131,49,44,14,4,7
4/2/2018,117,66,54,18,7,7
4/1/2018,64,63,45,17,8,7
3/31/2018,75,37,43,11,3,5
3/30/2018,93,44,37,14,5,5
3/29/2018,86,44,43,18,8,6
3/28/2018,83,40,52,14,5,5
3/27/2018,117,37,0,11,4,5
3/26/2018,106,58,48,23,11,6
3/25/2018,114,60,55,20,5,5
3/24/2018,92,66,50,23,8,5
3/23/2018,65,52,50,15,5,4
3/22/2018,55,35,48,9,4,4
3/21/2018,49,23,48,8,3,5
3/20/2018,101,17,40,11,3,6
3/19/2018,91,44,38,28,7,6
3/18/2018,74,45,44,23,9,5
3/17/2018,115,35,38,10,3,4
3/16/2018,155,46,47,20,8,6
3/15/2018,114,75,30,54,9,9
3/14/2018,97,55,41,30,8,7
3/13/2018,90,42,55,20,7,5
3/12/2018,70,40,45,17,8,4
3/11/2018,96,35,45,13,4,3
3/10/2018,70,45,50,7,3,4
3/9/2018,69,35,43,6,2,4
3/8/2018,59,28,36,15,3,5
3/7/2018,51,27,0,10,3,4
3/6/2018,93,24,39,8,2,4
3/5/2018,71,46,38,21,8,6
3/4/2018,107,29,42,24,6,6
3/3/2018,82,47,45,13,5,6
3/2/2018,83,37,51,16,5,5
3/1/2018,99,32,47,17,5,6
2/28/2018,77,47,44,18,4,7
2/27/2018,51,35,47,13,4,4
2/26/2018,67,19,45,8,2,3
2/25/2018,96,28,40,10,2,4
2/24/2018,60,42,43,15,4,5
2/23/2018,44,24,45,9,2,4
2/22/2018,51,15,35,8,2,4
2/21/2018,71,21,38,8,2,4
2/20/2018,96,25,41,13,2,6
2/19/2018,74,48,41,26,8,7
2/18/2018,88,35,43,12,4,6
2/17/2018,126,37,40,6,2,5
2/16/2018,102,57,43,13,5,5
2/15/2018,106,48,50,25,7,6
2/14/2018,96,57,47,16,4,5
2/13/2018,111,63,48,10,3,4
2/12/2018,97,62,49,6,2,5
2/11/2018,96,39,39,6,2,6
2/10/2018,96,32,44,10,2,5
2/9/2018,78,46,49,15,5,4
2/8/2018,78,36,42,10,2,5
2/7/2018,78,43,34,10,4,5
2/6/2018,88,37,38,5,3,4
2/5/2018,136,43,34,5,3,5
2/4/2018,75,63,24,9,4,7
2/3/2018,84,32,27,7,2,4
2/2/2018,55,37,22,13,2,5
2/1/2018,50,26,25,8,2,5
1/31/2018,70,17,0,15,2,7
1/30/2018,56,26,22,10,2,6
1/29/2018,69,22,27,11,2,5
1/28/2018,40,31,29,16,4,4
1/27/2018,49,23,35,8,2,3
1/26/2018,54,32,33,10,3,3
1/25/2018,82,25,41,8,3,4
1/24/2018,67,45,42,10,3,5
1/23/2018,106,39,51,9,4,5
1/22/2018,128,47,45,17,7,7
1/21/2018,106,56,44,15,6,6
1/20/2018,95,49,49,14,5,5
1/19/2018,122,44,38,13,4,5
1/18/2018,121,60,42,23,6,8
1/17/2018,96,57,41,23,8,8
1/16/2018,119,44,37,22,9,6
1/15/2018,86,51,50,20,9,5
1/14/2018,66,39,48,16,8,3
1/13/2018,77,33,43,10,2,3
1/12/2018,71,39,45,10,3,3
1/11/2018,88,40,48,11,3,2
1/10/2018,77,47,46,17,6,5
1/9/2018,57,32,32,17,4,8
1/8/2018,47,21,14,16,3,8
1/7/2018,39,14,17,18,3,6
1/6/2018,94,17,19,13,2,5
1/5/2018,72,45,22,17,3,6
1/4/2018,102,40,36,14,3,5
1/3/2018,106,62,54,18,8,6
1/2/2018,140,59,51,14,5,5
1/1/2018,123,75,63,11,4,6
12/31/2017,0,64,29,13,4,7
11/12/2017,98,0,0,0,0,0
11/11/2017,106,55,31,14,5,5
11/10/2017,91,58,43,14,9,6
11/9/2017,77,50,91,7,4,5
11/8/2017,144,41,36,12,5,6
11/7/2017,93,67,40,28,17,8
11/6/2017,74,49,41,17,6,5
11/5/2017,142,36,51,3,1,2
11/4/2017,114,73,61,5,3,6
11/3/2017,118,60,61,15,7,5
11/2/2017,93,60,51,18,12,6
11/1/2017,66,51,47,15,8,7
10/31/2017,127,39,45,6,2,5
10/30/2017,127,65,51,4,2,7
10/29/2017,128,74,63,21,13,7
10/28/2017,93,66,78,15,10,6
10/27/2017,75,51,66,8,3,5
10/26/2017,87,42,53,8,3,4
10/25/2017,115,48,60,6,2,5
10/24/2017,123,59,64,6,3,5
10/23/2017,91,62,63,10,6,6
10/22/2017,70,47,63,9,5,4
10/21/2017,73,32,43,6,1,4
10/20/2017,98,34,37,10,2,5
10/19/2017,63,52,48,8,3,4
10/18/2017,70,31,38,7,2,5
10/17/2017,76,36,37,10,3,6
10/16/2017,55,38,38,11,4,6
10/15/2017,51,25,29,11,3,5
10/14/2017,58,20,30,5,1,4
10/13/2017,62,30,34,4,1,4
10/12/2017,58,33,39,5,1,4
10/11/2017,60,33,34,5,1,4
10/10/2017,61,34,28,5,1,4
10/9/2017,69,30,29,6,1,4
10/8/2017,82,34,34,4,1,4
10/7/2017,90,40,40,6,1,5
10/6/2017,74,48,47,8,3,5
10/5/2017,80,37,39,5,2,4
10/4/2017,113,44,42,5,2,4
10/3/2017,113,53,57,11,8,5
10/2/2017,89,54,50,9,7,6
10/1/2017,87,42,51,7,4,4
9/30/2017,84,43,54,5,2,4
9/29/2017,100,44,46,7,3,5
9/28/2017,116,53,42,14,8,5
9/27/2017,91,55,48,10,7,6
9/26/2017,58,45,46,8,6,6
9/25/2017,61,27,30,5,3,4
9/24/2017,84,24,37,4,2,5
9/23/2017,113,37,58,4,3,5
9/22/2017,139,48,50,6,5,6
9/21/2017,125,64,59,9,8,6
9/20/2017,110,60,82,11,8,7
9/19/2017,102,54,71,6,6,6
9/18/2017,103,49,59,3,3,5
9/17/2017,114,49,57,11,7,6
9/16/2017,125,53,69,13,8,6
9/15/2017,96,59,67,11,7,7
9/14/2017,78,48,64,9,6,5
9/13/2017,97,39,43,5,2,5
9/12/2017,96,46,39,9,4,5
9/11/2017,0,44,33,9,4,5
9/7/2017,65,0,0,0,0,0
9/6/2017,61,29,0,12,4,4
9/5/2017,46,24,26,7,2,4
9/4/2017,56,16,31,4,1,4
9/3/2017,67,22,36,5,1,4
9/2/2017,66,32,41,4,1,4
9/1/2017,59,31,39,4,1,4
8/31/2017,51,28,38,4,1,3
8/30/2017,75,23,44,4,1,3
8/29/2017,54,37,49,10,3,4
8/28/2017,44,23,34,8,4,4
8/27/2017,69,18,27,4,2,3
8/26/2017,86,33,40,5,4,4
8/25/2017,50,39,36,12,7,5
8/24/2017,46,23,22,7,3,4
8/23/2017,57,21,27,4,2,3
8/22/2017,106,36,34,5,1,3
8/21/2017,105,53,51,14,7,5
8/20/2017,81,48,43,13,6,5
8/19/2017,115,40,39,12,6,4
8/18/2017,77,54,45,12,8,5
8/17/2017,91,34,42,13,5,4
8/16/2017,94,48,56,11,6,4
8/15/2017,85,49,44,11,8,3
8/14/2017,81,44,41,9,5,3
8/13/2017,76,42,40,7,3,3
8/12/2017,82,38,35,6,3,3
8/11/2017,63,45,38,12,9,3
8/10/2017,71,32,30,6,3,2
8/9/2017,84,37,30,5,2,3
8/8/2017,102,42,38,7,3,3
8/7/2017,103,51,42,9,5,3
8/6/2017,81,50,44,10,5,4
8/5/2017,75,42,32,7,4,3
8/4/2017,93,37,28,8,5,3
8/3/2017,74,40,30,13,9,4
8/2/2017,60,36,24,9,4,3
8/1/2017,69,22,32,11,4,3
7/31/2017,60,24,31,5,1,3
7/30/2017,53,26,26,5,2,3
7/29/2017,74,29,28,6,1,2
7/28/2017,59,37,36,7,3,2
7/27/2017,88,21,29,10,7,2
7/26/2017,70,41,40,12,7,3
7/25/2017,71,34,28,10,5,3
7/24/2017,68,35,27,9,5,3
7/23/2017,75,33,32,9,5,3
7/22/2017,79,35,0,9,4,3
7/21/2017,73,41,38,10,6,3
7/20/2017,68,38,29,9,6,3
7/19/2017,77,33,26,7,5,3
7/18/2017,42,39,30,9,12,4
7/17/2017,72,20,26,6,4,2
7/16/2017,65,32,34,7,4,3
7/15/2017,53,32,23,8,7,3
7/14/2017,54,23,20,7,4,3
7/13/2017,52,27,29,6,4,3
7/12/2017,69,26,27,8,4,3
7/11/2017,74,29,23,8,5,3
7/10/2017,72,31,24,8,6,3
7/9/2017,73,33,21,10,5,4
7/8/2017,51,21,22,14,5,3
7/7/2017,75,18,22,8,2,3
7/6/2017,49,33,26,10,6,4
7/5/2017,62,19,17,10,4,3
7/4/2017,37,16,18,7,5,3
7/3/2017,43,13,18,6,3,3
7/2/2017,29,18,0,6,3,3
7/1/2017,64,13,20,7,3,3
6/30/2017,61,31,22,12,5,4
6/29/2017,92,28,31,12,7,3
6/28/2017,90,45,39,12,4,3
6/27/2017,67,48,30,14,7,4
6/26/2017,62,33,29,9,3,3
6/25/2017,61,29,28,6,3,3
6/24/2017,59,28,26,6,3,3
6/23/2017,55,24,26,6,3,3
6/22/2017,45,23,21,5,2,3
6/21/2017,44,18,20,6,2,3
6/20/2017,76,18,22,8,3,3
6/19/2017,30,29,28,12,3,4
6/18/2017,50,9,30,13,1,4
6/17/2017,73,18,27,14,1,5
6/16/2017,47,28,30,16,2,5
6/15/2017,54,15,32,14,1,5
6/14/2017,11,21,25,14,5,5
6/13/2017,6,9,21,7,2,3
6/12/2017,9,1,22,8,5,3
6/11/2017,65,2,22,8,4,3
6/10/2017,84,28,38,7,3,4
6/9/2017,71,32,41,10,5,5
6/8/2017,65,31,38,7,2,5
6/7/2017,105,26,29,12,6,5
6/6/2017,80,43,38,10,2,6
6/5/2017,59,31,41,12,2,6
6/4/2017,66,21,32,8,2,6
6/3/2017,43,26,33,16,2,6
6/2/2017,90,21,30,9,2,4
6/1/2017,87,47,34,10,3,3
5/31/2017,59,40,36,10,4,5
5/30/2017,59,25,43,7,3,4
5/29/2017,93,28,49,8,2,4
5/28/2017,73,46,60,9,3,5
5/27/2017,87,37,62,10,2,4
5/26/2017,71,44,47,11,4,5
5/25/2017,98,30,49,8,1,5
5/24/2017,65,43,38,16,8,7
5/23/2017,61,26,39,10,5,5
5/22/2017,57,28,45,9,2,5
5/21/2017,85,28,46,9,2,6
5/20/2017,70,35,48,14,5,6
5/19/2017,72,36,53,10,1,5
5/18/2017,91,36,52,9,2,5
5/17/2017,45,41,48,12,6,6
5/16/2017,79,15,35,11,1,5
5/15/2017,100,32,40,11,2,5
5/14/2017,79,40,46,10,4,6
5/13/2017,62,34,25,18,6,5
5/12/2017,118,29,34,11,4,5
5/11/2017,112,52,46,22,11,6
5/10/2017,77,47,41,18,8,5
5/9/2017,117,34,45,14,6,5
5/8/2017,67,73,49,9,5,4
5/7/2017,82,30,44,7,2,4
5/6/2017,117,35,38,7,2,6
5/5/2017,99,51,30,17,8,5
5/4/2017,101,41,33,14,5,4
5/3/2017,115,41,34,13,3,4
5/2/2017,138,44,55,24,8,5
5/1/2017,127,64,68,27,12,5
4/30/2017,108,61,63,25,12,5
4/29/2017,79,56,71,23,9,5
4/28/2017,58,39,63,9,3,4
4/27/2017,150,23,43,14,2,5
4/26/2017,106,71,41,20,13,8
4/25/2017,103,50,45,33,10,6
4/24/2017,95,58,74,10,4,5
4/23/2017,59,57,76,10,3,5
4/22/2017,79,30,43,9,2,5
4/21/2017,101,33,33,13,5,5
4/20/2017,114,43,47,18,9,6
4/19/2017,106,46,46,16,5,5
4/18/2017,57,48,46,23,11,6
4/17/2017,139,27,28,12,6,4
4/16/2017,133,67,31,40,17,8
4/15/2017,114,69,39,43,19,7
4/14/2017,79,64,48,33,15,7
4/13/2017,67,51,53,18,4,5
4/12/2017,72,32,51,12,3,7
4/11/2017,62,31,32,13,5,5
4/10/2017,65,29,24,12,3,4
4/9/2017,62,31,27,13,4,4
4/8/2017,88,26,28,14,3,4
4/7/2017,113,41,25,20,9,5
4/6/2017,146,58,39,28,13,6
4/5/2017,126,69,83,27,14,6
4/4/2017,118,62,85,24,13,6
4/3/2017,133,62,87,22,11,6
4/2/2017,95,67,88,20,8,7
4/1/2017,119,40,70,8,2,5
3/31/2017,138,60,45,32,13,6
3/30/2017,146,72,63,32,12,6
3/29/2017,122,71,83,29,10,7
3/28/2017,110,69,78,24,11,7
3/27/2017,74,67,71,22,10,7
3/26/2017,88,48,32,21,4,6
3/25/2017,72,44,53,20,3,6
3/24/2017,124,37,74,10,3,5
3/23/2017,95,53,46,23,4,7
3/22/2017,117,48,42,24,3,6
3/21/2017,122,59,47,23,6,6
3/20/2017,98,55,43,28,10,5
3/19/2017,123,42,34,18,4,5
3/18/2017,111,58,31,27,9,5
3/17/2017,94,55,28,26,4,6
3/16/2017,80,45,39,27,3,5
3/15/2017,65,47,47,12,4,4
3/14/2017,127,28,42,11,2,5
3/13/2017,99,58,41,27,9,6
3/12/2017,74,45,46,24,8,5
3/11/2017,70,32,50,22,6,5
3/10/2017,146,27,46,23,1,5
3/9/2017,152,73,65,24,8,7
3/8/2017,154,68,43,25,10,8
3/7/2017,102,68,44,20,4,7
3/6/2017,123,52,45,18,4,6
3/5/2017,135,61,38,35,12,6
3/4/2017,94,71,44,36,11,6
3/3/2017,112,55,77,10,3,5
3/2/2017,180,67,80,22,7,6
3/1/2017,151,99,87,34,15,8
2/28/2017,131,69,78,21,11,6
2/27/2017,87,57,72,12,6,5
2/26/2017,88,37,34,16,4,5
2/25/2017,85,33,19,22,3,6
2/24/2017,76,34,23,18,2,6
2/23/2017,82,32,18,21,4,7
2/22/2017,81,30,30,26,6,5
2/21/2017,150,37,45,11,3,4
2/20/2017,139,61,65,32,6,6
2/19/2017,158,61,70,16,6,5
2/18/2017,155,75,65,16,4,6
2/17/2017,136,71,44,33,17,8
2/16/2017,93,61,45,30,14,6
2/15/2017,78,43,51,18,8,4
2/14/2017,106,38,59,13,4,4
2/13/2017,103,51,48,17,6,4
2/12/2017,144,49,51,10,5,4
2/11/2017,135,61,45,8,5,5
2/10/2017,84,53,34,9,3,5
2/9/2017,99,35,36,12,3,6
2/8/2017,99,50,35,15,5,4
2/7/2017,119,48,39,7,1,4
2/6/2017,116,52,39,8,3,6
2/5/2017,119,53,30,14,4,5
2/4/2017,86,53,32,19,7,5
2/3/2017,88,36,30,11,3,4
2/2/2017,84,36,43,7,1,4
2/1/2017,86,34,33,8,2,5
1/31/2017,110,35,27,7,1,5
1/30/2017,137,42,28,13,4,7
1/29/2017,138,56,33,20,6,5
1/28/2017,109,60,36,9,6,4
1/27/2017,85,47,0,10,6,4
1/26/2017,70,38,38,6,1,3
1/25/2017,75,29,35,7,1,3
1/24/2017,106,38,37,7,2,3
1/23/2017,119,57,40,7,4,5
1/22/2017,105,58,40,12,3,5
1/21/2017,91,55,35,9,3,5
1/20/2017,119,41,24,12,1,6
1/19/2017,120,50,21,17,2,5
1/18/2017,76,57,21,29,5,6
1/17/2017,69,37,31,14,2,5
1/16/2017,90,34,31,11,2,5
1/15/2017,110,42,34,12,3,5
1/14/2017,83,49,31,12,4,6
1/13/2017,123,35,19,17,1,7
1/12/2017,145,59,24,19,5,8
1/11/2017,126,64,35,14,3,8
1/10/2017,112,56,47,10,3,7
1/9/2017,141,56,34,11,4,7
1/8/2017,149,70,33,23,12,8
1/7/2017,149,68,27,30,13,7
1/6/2017,159,74,27,28,8,6
1/5/2017,160,84,38,29,16,7
1/4/2017,146,87,37,32,19,8
1/3/2017,151,73,38,25,10,8
1/2/2017,0,71,31,30,16,8
1/1/2017,114,0,0,0,0,0
12/31/2016,108,59,30,24,7,7
12/30/2016,84,53,33,14,3,6
12/29/2016,74,46,33,14,4,5
12/28/2016,75,37,26,13,2,6
12/27/2016,133,37,29,19,6,7
12/26/2016,138,62,26,22,16,7
12/25/2016,105,60,28,29,11,7
12/24/2016,93,54,35,12,3,6
12/23/2016,90,49,34,12,4,7
12/22/2016,168,34,15,23,6,7
12/21/2016,147,92,21,36,22,10
12/20/2016,141,84,32,33,18,8
12/19/2016,126,73,37,25,14,6
12/18/2016,115,61,33,25,15,5
12/17/2016,105,58,31,20,7,5
12/16/2016,102,57,29,12,4,4
12/15/2016,112,54,18,16,3,6
12/14/2016,149,60,28,17,5,7
12/13/2016,118,80,41,23,10,7
12/12/2016,89,56,29,21,10,6
12/11/2016,141,50,30,12,2,5
12/10/2016,139,73,40,19,10,6
12/9/2016,120,78,39,26,13,7
12/8/2016,131,61,41,17,5,5
12/7/2016,163,67,41,14,5,6
12/6/2016,135,87,33,16,6,7
12/5/2016,127,67,33,18,6,6
12/4/2016,90,62,30,21,12,6
12/3/2016,92,74,31,14,4,4
12/2/2016,103,46,27,11,2,4
12/1/2016,97,54,20,20,7,5
11/30/2016,86,53,24,22,17,5
11/29/2016,65,55,28,12,1,4
11/28/2016,46,37,31,9,2,5
11/27/2016,83,23,14,16,2,7
11/26/2016,55,36,15,22,7,7
11/25/2016,51,22,20,14,2,5
11/24/2016,36,29,20,12,2,4
11/23/2016,110,17,21,11,1,4
11/22/2016,71,51,19,19,10,7
11/21/2016,104,27,20,20,3,5
11/20/2016,145,50,24,20,5,5
11/19/2016,131,80,0,25,13,8
11/18/2016,101,69,42,20,9,6
11/17/2016,115,54,37,14,5,5
11/16/2016,165,61,41,10,4,6
11/15/2016,182,87,41,20,6,8
11/14/2016,156,102,58,23,14,9
11/13/2016,122,82,73,18,15,8
11/12/2016,74,65,39,21,11,6
11/11/2016,67,39,37,16,4,6
11/10/2016,58,30,27,15,4,6
11/9/2016,95,34,32,9,2,5
11/8/2016,101,47,42,10,5,5
11/7/2016,127,52,37,16,9,5
11/6/2016,117,67,39,20,11,6
11/5/2016,83,63,44,20,11,6
11/4/2016,57,45,38,9,2,4
11/3/2016,50,31,30,8,2,3
11/2/2016,69,29,35,7,1,4
11/1/2016,64,44,43,7,2,5
10/31/2016,55,35,36,8,2,4
10/30/2016,87,26,28,7,1,4
10/29/2016,158,48,37,8,2,5
10/28/2016,139,70,48,11,6,5
10/27/2016,98,65,44,17,11,6
10/26/2016,121,46,40,15,9,5
10/25/2016,67,57,35,17,9,7
10/24/2016,98,32,26,15,3,6
10/23/2016,60,45,32,14,7,7
10/22/2016,52,29,21,5,1,5
10/21/2016,49,31,19,9,3,5
10/20/2016,46,22,21,9,1,5
10/19/2016,44,18,27,16,13,5
10/18/2016,52,15,29,13,2,5
10/17/2016,45,23,28,9,2,4
10/16/2016,62,16,32,8,1,4
10/15/2016,83,27,39,15,2,4
10/14/2016,70,42,52,13,3,5
10/13/2016,50,34,44,13,3,6
10/12/2016,51,21,33,13,2,5
10/11/2016,44,19,34,20,4,5
10/10/2016,53,11,33,13,1,4
10/9/2016,59,16,35,8,1,4
10/8/2016,53,22,37,13,3,5
10/7/2016,60,23,37,6,2,4
10/6/2016,87,23,44,7,1,4
10/5/2016,81,40,60,9,4,6
10/4/2016,81,36,57,14,6,5
10/3/2016,58,38,42,12,7,4
10/2/2016,88,23,35,12,4,4
10/1/2016,67,38,36,17,8,5
9/30/2016,88,27,42,16,3,5
9/29/2016,54,35,49,12,3,7
9/28/2016,58,19,38,3,1,5
9/27/2016,102,29,38,7,2,4
9/26/2016,99,50,58,14,4,5
9/25/2016,78,46,61,9,3,5
9/24/2016,71,36,53,7,2,4
9/23/2016,76,34,59,8,2,5
9/22/2016,76,36,56,10,3,8
9/21/2016,89,37,63,7,2,7
9/20/2016,79,42,63,7,2,8
9/19/2016,67,34,53,12,4,8
9/18/2016,100,24,43,19,8,7
9/17/2016,58,41,43,17,10,8
9/16/2016,45,18,38,12,3,7
9/15/2016,37,19,36,3,0,5
9/14/2016,60,20,37,5,1,4
9/13/2016,70,24,54,10,3,6
9/12/2016,51,28,40,13,5,6
9/11/2016,79,19,37,11,5,4
9/10/2016,91,29,42,15,4,5
9/9/2016,95,35,45,13,3,6
9/8/2016,68,39,45,14,7,8
9/7/2016,67,28,40,11,5,7
9/6/2016,91,29,46,11,2,6
9/5/2016,102,43,48,13,4,7
9/4/2016,84,46,61,8,3,7
9/3/2016,77,37,50,10,3,6
9/2/2016,120,31,49,15,7,6
9/1/2016,139,51,61,8,6,6
8/31/2016,97,67,64,17,15,9
8/30/2016,86,51,74,14,7,8
8/29/2016,86,44,58,8,3,7
8/28/2016,102,36,46,10,4,7
8/27/2016,87,45,56,18,16,8
8/26/2016,106,38,45,16,5,5
8/25/2016,90,48,48,21,11,5
8/24/2016,98,42,68,16,7,5
8/23/2016,124,45,59,16,11,5
8/22/2016,136,57,75,18,9,6
8/21/2016,87,65,79,16,9,7
8/20/2016,62,46,41,17,8,6
8/19/2016,29,31,27,16,6,5
8/18/2016,26,13,28,7,2,4
8/17/2016,31,12,30,5,1,4
8/16/2016,49,13,36,6,2,4
8/15/2016,39,20,37,7,2,5
8/14/2016,42,17,38,7,2,5
8/13/2016,38,14,30,9,2,5
8/12/2016,79,12,31,5,3,5
8/11/2016,86,35,30,20,7,6
8/10/2016,73,37,39,12,6,5
8/9/2016,102,32,41,22,7,4
8/8/2016,138,47,55,23,15,7
8/7/2016,134,56,62,15,9,7
8/6/2016,97,64,51,19,16,8
8/5/2016,55,48,48,24,10,7
8/4/2016,31,28,34,8,7,5
8/3/2016,45,18,29,8,3,4
8/2/2016,54,25,32,6,2,2
8/1/2016,0,35,37,5,1,3
4/22/2016,147,0,19,0,0,0
4/21/2016,119,72,38,30,13,6
4/20/2016,78,57,66,23,11,5
4/19/2016,81,41,77,10,3,5
4/18/2016,118,36,48,13,3,7
4/17/2016,120,56,36,21,5,8
4/16/2016,154,53,44,17,6,6
4/15/2016,115,67,66,22,4,6
4/14/2016,83,56,37,26,8,6
4/13/2016,91,32,38,25,6,5
4/12/2016,77,45,45,20,12,4
4/11/2016,76,35,39,13,5,5
4/10/2016,82,36,28,22,6,5
4/9/2016,87,35,24,12,4,4
4/8/2016,79,38,21,10,6,6
4/7/2016,84,39,21,7,5,6
4/6/2016,96,41,24,9,4,6
4/5/2016,148,42,27,6,2,7
4/4/2016,157,67,23,16,7,8
4/3/2016,145,74,30,15,7,8
4/2/2016,156,60,37,14,6,7
4/1/2016,165,71,38,9,3,7
3/31/2016,186,79,38,14,7,5
3/30/2016,163,108,46,27,15,5
3/29/2016,146,85,41,21,14,5
3/28/2016,125,63,45,7,3,4
3/27/2016,87,57,41,9,6,5
3/26/2016,70,37,45,7,5,4
3/25/2016,68,26,43,7,5,4
3/24/2016,66,24,36,9,3,4
3/23/2016,99,22,32,11,3,7
3/22/2016,81,39,42,20,9,7
3/21/2016,120,32,57,13,2,6
3/20/2016,123,47,60,15,4,8
3/19/2016,107,48,40,14,11,12
3/18/2016,92,43,15,18,7,11
3/17/2016,139,36,17,20,6,9
3/16/2016,92,53,33,20,7,8
3/15/2016,61,39,32,9,2,6
3/14/2016,79,23,32,8,3,7
3/13/2016,83,29,23,19,5,10
3/12/2016,58,34,27,15,2,7
3/11/2016,26,21,24,10,3,6
3/10/2016,99,8,24,11,2,5
3/9/2016,98,42,22,13,3,8
3/8/2016,77,37,19,19,8,6
3/7/2016,111,27,24,12,4,5
3/6/2016,141,44,36,21,10,6
3/5/2016,139,71,47,22,10,6
3/4/2016,112,70,37,20,10,6
3/3/2016,97,55,36,15,6,5
3/2/2016,141,45,37,8,2,3
3/1/2016,141,67,37,6,2,5
2/29/2016,103,80,35,15,4,6
2/28/2016,74,53,34,20,7,5
2/27/2016,69,37,28,13,3,4
2/26/2016,89,40,0,10,1,4
2/25/2016,54,53,0,8,1,4
2/24/2016,74,25,26,7,1,4
2/23/2016,122,30,24,9,1,6
2/22/2016,121,76,28,15,5,7
2/21/2016,123,84,32,7,2,6
2/20/2016,93,55,32,12,2,6
2/19/2016,65,39,28,14,4,5
2/18/2016,64,30,33,9,2,3
2/17/2016,76,29,27,10,2,4
2/16/2016,66,32,29,6,2,4
2/15/2016,75,24,22,6,1,5
2/14/2016,82,25,19,9,1,5
2/13/2016,95,28,18,11,1,3
2/12/2016,112,42,21,16,4,5
2/11/2016,80,47,28,15,4,6
2/10/2016,92,41,32,14,4,5
2/9/2016,136,46,37,13,10,4
2/8/2016,114,68,37,11,9,6
2/7/2016,83,55,39,5,4,6
2/6/2016,92,36,31,8,2,5
2/5/2016,80,39,26,10,2,5
2/4/2016,67,35,30,10,2,5
2/3/2016,58,30,24,11,1,6
2/2/2016,64,23,26,10,1,7
2/1/2016,89,21,24,10,0,4
1/31/2016,90,39,28,10,1,2
1/30/2016,70,37,37,17,3,3
1/29/2016,67,23,15,26,3,4
1/28/2016,79,23,12,22,5,5
1/27/2016,74,36,21,20,8,5
1/26/2016,32,48,27,18,7,4
1/25/2016,64,23,32,6,2,3
1/24/2016,46,31,25,6,2,5
1/23/2016,49,16,21,11,1,5
1/22/2016,74,18,22,12,1,4
1/21/2016,111,29,24,16,1,6
1/20/2016,138,46,31,10,2,6
1/19/2016,72,66,40,9,3,7
1/18/2016,127,32,30,8,2,7
1/17/2016,126,55,20,16,5,9
1/16/2016,130,57,25,17,3,8
1/15/2016,105,54,23,16,2,8
1/14/2016,84,51,37,10,3,7
1/13/2016,78,43,31,10,3,6
1/12/2016,70,38,28,10,4,5
1/11/2016,135,26,26,13,2,7
1/10/2016,106,67,25,19,6,9
1/9/2016,116,51,35,9,3,9
1/8/2016,75,57,36,12,4,8
1/7/2016,62,38,31,8,3,7
1/6/2016,95,28,22,15,5,7
1/5/2016,144,59,28,27,7,6
1/4/2016,0,77,32,23,14,6
1/1/2016,108,0,39,0,0,0
12/31/2015,96,54,27,10,3,4
12/30/2015,108,49,30,14,3,3
12/29/2015,87,55,36,10,2,3
12/28/2015,98,44,23,8,2,3
12/27/2015,91,44,19,14,2,7
12/26/2015,76,46,14,15,3,7
12/25/2015,88,39,20,14,1,6
12/24/2015,138,44,20,11,2,5
12/23/2015,153,65,22,19,6,4
12/22/2015,147,75,20,22,10,6
12/21/2015,120,68,22,16,8,7
12/20/2015,87,61,33,19,10,5
12/19/2015,82,48,28,14,4,4
12/18/2015,96,44,35,8,2,3
12/17/2015,131,50,40,6,3,4
12/16/2015,102,59,26,8,3,6
12/15/2015,113,49,37,12,3,7
12/14/2015,108,55,36,13,4,6
12/13/2015,101,53,31,9,3,5
12/12/2015,91,50,34,10,2,5
12/11/2015,64,47,37,14,5,5
12/10/2015,52,24,24,13,4,4
12/9/2015,67,18,28,13,0,4
12/8/2015,69,32,28,7,2,3
12/7/2015,43,34,20,9,2,5
12/6/2015,81,21,23,11,2,5
12/5/2015,85,45,26,9,2,4
12/4/2015,77,56,28,8,2,4
12/3/2015,120,42,38,8,2,5
12/2/2015,77,63,31,11,7,5
12/1/2015,102,43,32,8,2,4
11/30/2015,119,53,35,8,3,5
11/29/2015,114,61,34,12,8,5
11/28/2015,71,59,32,13,6,5
11/27/2015,49,44,29,5,3,3
11/26/2015,86,25,39,6,1,3
11/25/2015,70,48,30,9,2,5
11/24/2015,67,41,26,5,1,5
11/23/2015,65,39,24,5,1,4
11/22/2015,84,32,20,6,1,5
11/21/2015,105,43,29,8,1,5
11/20/2015,86,56,30,7,2,6
11/19/2015,93,45,23,5,1,5
11/18/2015,87,42,24,10,4,4
11/17/2015,88,37,27,6,2,5
11/16/2015,81,46,26,6,2,5
11/15/2015,114,42,24,5,1,5
11/14/2015,118,52,30,6,3,5
11/13/2015,62,53,19,8,4,5
11/12/2015,82,27,22,6,0,4
11/11/2015,91,37,25,5,0,4
11/10/2015,108,44,24,6,1,8
11/9/2015,133,49,24,8,1,7
11/8/2015,107,63,33,10,4,5
11/7/2015,88,52,24,10,5,5
11/6/2015,82,44,25,8,4,4
11/5/2015,90,40,22,8,4,4
11/4/2015,107,42,26,8,3,4
11/3/2015,74,50,17,5,1,4
11/2/2015,61,41,18,7,2,4
11/1/2015,63,28,22,5,1,3
10/31/2015,125,32,31,6,1,3
10/30/2015,148,64,43,10,9,6
10/29/2015,121,71,35,10,7,7
10/28/2015,119,55,32,6,3,6
10/27/2015,92,57,39,13,9,5
10/26/2015,81,47,35,8,3,4
10/25/2015,107,45,35,7,2,3
10/24/2015,95,59,35,16,10,5
10/23/2015,73,50,30,13,5,4
10/22/2015,60,40,28,9,3,3
10/21/2015,61,32,26,8,2,3
10/20/2015,72,31,32,8,1,3
10/19/2015,81,38,39,8,2,3
10/18/2015,90,46,39,7,2,3
10/17/2015,104,51,36,7,2,3
10/16/2015,123,56,46,13,4,4
10/15/2015,145,60,51,8,4,5
10/14/2015,133,66,51,6,5,5
10/13/2015,114,66,46,7,5,5
10/12/2015,95,59,30,10,5,6
10/11/2015,72,50,37,13,4,6
10/10/2015,64,34,38,14,2,6
10/9/2015,67,32,38,15,2,7
10/8/2015,74,29,36,12,4,6
10/7/2015,77,40,35,9,3,5
10/6/2015,68,39,38,10,3,5
10/5/2015,69,36,39,12,3,6
10/4/2015,82,36,38,13,3,6
10/3/2015,101,39,36,12,3,7
10/2/2015,0,48,35,12,2,8
10/1/2015,89,0,21,0,0,0
9/30/2015,58,35,26,23,4,7
9/29/2015,110,28,27,6,1,5
9/28/2015,91,53,24,20,9,6
9/27/2015,94,45,44,10,3,5
9/26/2015,102,44,44,12,4,5
9/25/2015,123,43,48,8,4,6
9/24/2015,104,58,40,15,9,7
9/23/2015,94,47,37,12,4,5
9/22/2015,119,44,39,14,5,6
9/21/2015,108,52,36,18,3,6
9/20/2015,113,47,40,11,3,5
9/19/2015,88,52,53,10,4,5
9/18/2015,91,45,50,10,5,4
9/17/2015,78,42,48,12,3,5
9/16/2015,82,40,40,12,4,5
9/15/2015,91,42,43,12,3,5
9/14/2015,114,48,39,12,2,6
9/13/2015,84,55,40,12,4,6
9/12/2015,78,43,45,13,5,5
9/11/2015,77,39,46,10,3,4
9/10/2015,69,42,43,9,4,4
9/9/2015,107,34,39,8,3,4
9/8/2015,96,49,44,10,3,6
9/7/2015,96,41,37,10,3,6
9/6/2015,85,43,39,16,8,5
9/5/2015,68,38,29,12,6,4
9/4/2015,101,31,24,12,7,4
9/3/2015,86,44,25,16,14,6
9/2/2015,84,38,27,17,11,5
9/1/2015,87,40,21,15,4,5
8/31/2015,56,36,30,14,2,6
8/30/2015,64,20,31,10,1,5
8/29/2015,60,25,35,11,2,5
8/28/2015,64,26,28,11,3,4
8/27/2015,97,25,36,9,2,4
8/26/2015,105,44,42,12,6,5
8/25/2015,62,45,36,18,12,6
8/24/2015,56,24,28,15,5,4
8/23/2015,53,27,26,13,4,3
8/22/2015,65,25,0,11,1,3
8/21/2015,93,36,33,16,3,3
8/20/2015,90,47,49,16,6,5
8/19/2015,86,36,53,15,6,6
8/18/2015,90,37,34,16,9,5
8/17/2015,60,41,28,13,7,6
8/16/2015,63,23,12,6,5,4
8/15/2015,51,27,14,8,5,4
8/14/2015,59,24,15,5,4,4
8/13/2015,61,27,12,6,5,1
8/12/2015,50,29,15,7,6,1
8/11/2015,65,21,27,7,3,4
8/10/2015,46,28,32,6,3,4
8/9/2015,42,16,26,3,2,3
8/8/2015,67,27,19,4,1,2
8/7/2015,90,40,28,13,3,3
8/6/2015,93,42,41,13,6,3
8/5/2015,104,43,40,17,7,3
8/4/2015,102,55,54,18,9,4
8/3/2015,86,53,42,15,11,3
8/2/2015,63,44,37,13,10,3
8/1/2015,64,31,31,10,6,3
7/31/2015,81,31,24,11,7,3
7/30/2015,66,40,28,12,10,4
7/29/2015,75,36,33,12,8,5
7/28/2015,66,41,35,10,7,6
7/27/2015,58,34,24,8,4,5
7/26/2015,58,31,23,7,3,5
7/25/2015,49,31,20,11,5,6
7/24/2015,44,19,18,8,3,5
7/23/2015,54,15,22,7,2,5
7/22/2015,45,22,0,6,2,5
7/21/2015,37,23,21,4,1,4
7/20/2015,72,17,22,3,1,3
7/19/2015,88,35,29,8,4,3
7/18/2015,88,37,35,7,3,4
7/17/2015,71,35,35,8,4,3
7/16/2015,80,32,26,12,5,4
7/15/2015,126,33,30,10,4,4
7/14/2015,139,52,40,15,7,5
7/13/2015,113,57,42,15,7,5
7/12/2015,88,54,40,13,11,5
7/11/2015,90,43,32,11,6,4
7/10/2015,60,48,33,15,9,5
7/9/2015,52,29,23,7,1,5
7/8/2015,72,24,28,12,1,6
7/7/2015,77,37,39,10,4,6
7/6/2015,77,39,42,12,4,6
7/5/2015,91,39,50,8,3,5
7/4/2015,75,41,30,11,4,4
7/3/2015,78,40,37,15,7,4
7/2/2015,104,45,35,14,6,4
7/1/2015,106,50,38,10,5,4
6/30/2015,106,50,41,9,4,4
6/29/2015,95,51,41,9,5,4
6/28/2015,73,44,40,7,4,4
6/27/2015,67,38,34,6,2,4
6/26/2015,67,33,30,6,3,4
6/25/2015,54,35,27,8,3,4
6/24/2015,57,25,26,9,2,4
6/23/2015,78,23,28,10,3,3
6/22/2015,93,30,31,7,1,4
6/21/2015,94,37,38,8,1,4
6/20/2015,114,41,39,7,2,4
6/19/2015,113,55,43,14,7,4
6/18/2015,102,54,42,12,5,4
6/17/2015,87,45,42,9,4,3
6/16/2015,92,43,37,11,5,3
6/15/2015,74,42,28,11,6,4
6/14/2015,104,32,25,11,4,3
6/13/2015,100,51,37,14,8,4
6/12/2015,97,45,43,15,8,5
6/11/2015,74,46,37,11,5,4
6/10/2015,75,36,35,10,5,1
6/9/2015,86,37,33,9,3,2
6/8/2015,135,39,34,7,3,3
6/7/2015,141,53,46,7,4,4
6/6/2015,139,52,36,13,2,5
6/5/2015,104,64,35,11,4,3
6/4/2015,83,63,31,10,2,4
6/3/2015,83,42,26,9,5,3
6/2/2015,96,37,33,7,3,3
6/1/2015,103,36,33,8,2,3
5/31/2015,109,40,38,11,6,4
5/30/2015,126,47,32,11,3,4
5/29/2015,145,53,32,13,10,5
5/28/2015,170,61,26,14,6,4
5/27/2015,160,65,27,16,7,6
5/26/2015,149,66,32,18,4,8
5/25/2015,131,59,44,11,3,8
5/24/2015,122,45,29,11,2,9
5/23/2015,78,46,29,21,3,9
5/22/2015,85,34,34,14,3,6
5/21/2015,92,34,40,8,1,6
5/20/2015,71,36,31,15,7,6
5/19/2015,73,31,25,8,3,4
5/18/2015,96,29,25,9,2,4
5/17/2015,76,41,30,16,5,5
5/16/2015,76,36,29,9,4,4
5/15/2015,113,36,32,10,5,4
5/14/2015,113,53,46,12,9,6
5/13/2015,95,50,58,14,10,6
5/12/2015,136,44,48,11,5,4
5/11/2015,77,57,47,14,11,6
5/10/2015,89,15,43,6,3,5
5/9/2015,121,36,42,14,3,4
5/8/2015,154,47,48,7,4,5
5/7/2015,145,75,46,18,11,8
5/6/2015,108,68,42,20,9,7
5/5/2015,99,48,40,10,2,6
5/4/2015,91,46,43,10,2,5
5/3/2015,114,38,33,16,8,6
5/2/2015,129,53,39,12,6,6
5/1/2015,142,57,49,11,6,7
4/30/2015,110,65,50,22,7,7
4/29/2015,97,45,37,19,8,6
4/28/2015,83,47,34,15,6,5
4/27/2015,80,44,44,18,7,4
4/26/2015,67,48,55,11,4,4
4/25/2015,113,47,45,8,4,3
4/24/2015,112,64,53,22,14,7
4/23/2015,97,64,48,17,8,6
4/22/2015,73,57,58,8,6,6
4/21/2015,86,34,30,10,4,6
4/20/2015,79,39,20,12,3,4
4/19/2015,118,41,25,8,3,4
4/18/2015,102,55,34,16,7,4
4/17/2015,98,50,38,22,5,5
4/16/2015,118,56,43,23,14,5
4/15/2015,91,64,47,21,13,6
4/14/2015,132,56,53,17,11,5
4/13/2015,111,68,57,16,10,7
4/12/2015,97,51,61,14,9,7
4/11/2015,87,41,28,15,2,6
4/10/2015,86,40,28,15,3,6
4/9/2015,59,42,31,12,3,5
4/8/2015,78,29,28,10,2,5
4/7/2015,90,38,30,7,1,5
4/6/2015,84,41,25,12,9,3
4/5/2015,78,38,27,9,6,3
4/4/2015,76,39,24,7,3,3
4/3/2015,78,36,25,5,3,3
4/2/2015,82,38,26,8,5,3
4/1/2015,109,37,28,11,4,3
3/31/2015,110,52,29,26,7,5
3/30/2015,119,52,41,20,15,4
3/29/2015,88,55,47,19,9,4
3/28/2015,99,39,44,5,4,3
3/27/2015,87,37,32,14,6,5
3/26/2015,65,36,33,21,5,7
3/25/2015,68,39,35,6,1,6
3/24/2015,123,33,40,5,1,7
3/23/2015,125,73,44,7,5,5
3/22/2015,101,69,42,8,7,7
3/21/2015,96,46,35,9,4,6
3/20/2015,109,41,37,12,4,6
3/19/2015,113,45,30,16,5,5
3/18/2015,82,46,24,16,9,6
3/17/2015,133,25,16,19,4,7
3/16/2015,141,74,30,30,8,7
3/15/2015,127,59,37,28,11,7
3/14/2015,125,54,40,28,9,7
3/13/2015,90,57,40,23,8,7
3/12/2015,79,35,35,14,4,6
3/11/2015,114,27,35,12,1,5
3/10/2015,119,51,35,8,2,5
3/9/2015,114,56,37,23,7,8
3/8/2015,100,47,26,22,4,6
3/7/2015,84,35,22,13,3,6
3/6/2015,67,36,24,15,2,6
3/5/2015,98,27,22,16,0,5
3/4/2015,167,39,27,8,1,6
3/3/2015,107,79,31,26,8,8
3/2/2015,81,46,34,9,3,5
3/1/2015,65,32,30,9,2,5
2/28/2015,84,22,37,8,1,5
2/27/2015,99,31,31,9,2,7
2/26/2015,78,37,26,18,4,10
2/25/2015,82,27,31,17,2,12
2/24/2015,89,28,32,10,2,14
2/23/2015,111,31,27,9,2,14
2/22/2015,115,43,28,14,3,13
2/21/2015,82,46,24,24,5,8
2/20/2015,121,34,33,9,2,5
2/19/2015,141,53,38,6,5,7
2/18/2015,139,60,32,8,3,8
2/17/2015,150,54,35,11,4,10
2/16/2015,171,60,40,20,6,13
2/15/2015,148,83,41,37,15,13
2/14/2015,132,66,48,33,10,10
2/13/2015,153,60,43,30,13,9
2/12/2015,139,67,42,32,11,10
2/11/2015,101,54,34,34,11,7
2/10/2015,133,38,33,14,4,6
2/9/2015,147,52,40,11,6,8
2/8/2015,140,58,42,16,7,10
2/7/2015,152,57,37,23,13,9
2/6/2015,123,59,42,11,6,9
2/5/2015,103,46,28,18,5,11
2/4/2015,121,40,26,15,5,9
2/3/2015,122,47,30,18,7,8
2/2/2015,103,50,30,20,9,8
2/1/2015,121,39,28,10,4,7
1/31/2015,115,48,24,19,7,8
1/30/2015,72,48,27,25,9,7
1/29/2015,97,25,32,11,3,5
1/28/2015,161,40,25,13,5,6
1/27/2015,170,73,28,20,7,8
1/26/2015,163,77,27,31,19,9
1/25/2015,166,69,32,44,16,9
1/24/2015,161,78,45,39,21,9
1/23/2015,153,72,50,20,9,8
1/22/2015,168,73,44,32,13,8
1/21/2015,141,90,44,43,21,9
1/20/2015,165,76,41,27,12,7
1/19/2015,159,91,43,28,11,8
1/18/2015,159,73,34,25,11,7
1/17/2015,137,74,34,20,8,6
1/16/2015,78,61,0,26,16,6
1/15/2015,84,33,32,14,4,3
1/14/2015,77,30,26,22,11,4
1/13/2015,101,26,32,24,6,4
1/12/2015,136,45,36,9,4,5
1/11/2015,139,59,34,21,9,7
1/10/2015,136,66,44,26,13,8
1/9/2015,125,56,36,15,9,7
1/8/2015,121,52,33,15,9,8
1/7/2015,194,48,26,15,5,7
1/6/2015,174,101,24,41,11,12
1/5/2015,156,92,30,58,20,10
1/4/2015,113,73,38,41,23,8
1/3/2015,105,54,0,23,11,5
1/2/2015,151,52,0,13,8,5
1/1/2015,0,79,0,15,10,7
12/29/2014,126,0,0,0,0,0
12/28/2014,92,52,0,22,10,5
12/27/2014,124,36,0,18,3,4
12/26/2014,145,54,0,15,6,4
12/25/2014,163,66,0,28,9,6
12/24/2014,145,84,0,36,22,10
12/23/2014,146,76,0,36,24,8
12/22/2014,136,65,0,16,11,6
12/21/2014,113,61,0,20,12,6
12/20/2014,137,49,0,17,9,5
12/19/2014,81,59,0,33,14,7
12/18/2014,109,42,0,10,5,3
12/17/2014,137,55,0,11,8,4
12/16/2014,157,81,0,23,12,7
12/15/2014,117,86,0,38,22,10
12/14/2014,152,67,0,15,7,11
12/13/2014,125,85,0,13,8,6
12/12/2014,141,65,0,19,9,8
12/11/2014,93,66,0,23,10,7
12/10/2014,109,40,0,20,6,5
12/9/2014,109,44,0,9,4,4
12/8/2014,94,52,0,18,7,4
12/7/2014,89,43,0,15,6,4
12/6/2014,83,41,0,11,6,3
12/5/2014,60,35,0,10,5,4
12/4/2014,142,21,0,13,2,6
12/3/2014,155,62,0,27,13,7
12/2/2014,92,68,0,13,9,7
12/1/2014,149,41,0,14,5,8
11/30/2014,136,66,0,30,13,9
11/29/2014,157,60,0,26,7,9
11/28/2014,111,66,0,36,12,10
11/27/2014,126,52,0,22,6,7
11/26/2014,163,55,0,13,6,6
11/25/2014,128,80,0,31,13,7
11/24/2014,122,61,0,28,18,10
11/23/2014,129,63,0,25,16,16
11/22/2014,129,73,0,27,14,11
11/21/2014,106,63,0,26,18,6
11/20/2014,89,53,0,18,10,4
11/19/2014,142,44,0,10,4,4
11/18/2014,92,66,0,12,7,5
11/17/2014,83,44,0,13,5,5
11/16/2014,63,44,0,17,7,5
11/15/2014,128,27,0,8,2,4
11/14/2014,135,55,0,10,5,6
11/13/2014,138,55,0,9,5,7
11/12/2014,110,61,0,19,9,8
11/11/2014,87,51,0,9,6,6
11/10/2014,108,40,0,10,5,5
11/9/2014,117,53,0,17,8,7
11/8/2014,134,51,0,21,9,6
11/7/2014,133,56,0,10,8,5
11/6/2014,75,67,0,17,10,5
11/5/2014,93,36,0,9,5,3
11/4/2014,122,44,0,8,5,4
11/3/2014,107,51,0,8,8,7
11/2/2014,97,52,0,15,7,7
11/1/2014,102,51,0,15,9,4
10/31/2014,112,49,0,16,10,5
10/30/2014,97,54,0,17,11,5
10/29/2014,122,58,0,11,5,4
10/28/2014,158,66,0,6,3,4
10/27/2014,152,98,0,19,12,7
10/26/2014,88,80,0,23,20,8
10/25/2014,83,44,0,12,5,5
10/24/2014,109,40,0,7,4,4
10/23/2014,129,50,0,6,5,5
10/22/2014,137,55,0,20,8,7
10/21/2014,132,66,0,19,11,5
10/20/2014,113,66,0,20,13,6
10/19/2014,137,59,0,15,8,6
10/18/2014,137,64,0,11,6,6
10/17/2014,160,58,0,9,6,6
10/16/2014,158,74,0,11,9,7
10/15/2014,147,69,0,8,7,8
10/14/2014,127,61,0,9,6,6
10/13/2014,117,56,0,17,5,5
10/12/2014,70,55,0,21,12,5
10/11/2014,80,36,0,8,2,3
10/10/2014,66,46,0,7,2,4
10/9/2014,76,28,0,7,2,4
10/8/2014,133,35,0,7,3,5
10/7/2014,131,55,0,5,4,6
10/6/2014,89,61,0,8,6,6
10/5/2014,131,45,0,7,4,5
10/4/2014,123,58,0,6,6,6
10/3/2014,127,54,0,11,6,7
10/2/2014,95,58,0,11,8,6
10/1/2014,141,43,0,10,5,5
9/30/2014,137,67,0,11,14,6
9/29/2014,121,60,0,11,11,5
9/28/2014,124,52,0,7,5,5
9/27/2014,108,55,0,8,6,5
9/26/2014,85,52,0,8,4,4
9/25/2014,94,40,0,11,9,4
9/24/2014,121,43,0,11,6,5
9/23/2014,61,61,0,18,15,6
9/22/2014,34,34,0,14,6,5
9/21/2014,70,16,0,7,2,4
9/20/2014,81,40,0,8,3,5
9/19/2014,119,46,0,8,4,5
9/18/2014,82,64,0,14,12,5
9/17/2014,73,44,0,7,4,4
9/16/2014,77,46,0,9,3,6
9/15/2014,113,48,0,8,2,7
9/14/2014,72,66,0,15,8,8
9/13/2014,122,45,0,14,6,6
9/12/2014,73,55,0,16,9,8
9/11/2014,99,33,0,15,8,5
9/10/2014,91,49,0,19,10,6
9/9/2014,90,43,0,16,11,6
9/8/2014,91,40,0,17,9,5
9/7/2014,100,47,0,15,8,6
9/6/2014,146,48,0,14,5,6
9/5/2014,118,66,0,15,6,8
9/4/2014,142,56,0,18,5,7
9/3/2014,112,68,0,27,23,8
9/2/2014,82,57,0,22,14,6
9/1/2014,107,41,0,18,12,5
8/31/2014,117,49,0,19,13,6
8/30/2014,81,58,0,22,13,6
8/29/2014,110,43,0,23,10,5
8/28/2014,84,56,0,22,15,5
8/27/2014,112,47,0,18,8,5
8/26/2014,95,60,0,19,12,6
8/25/2014,78,45,0,18,9,6
8/24/2014,111,42,0,17,8,5
8/23/2014,116,52,0,18,10,5
8/22/2014,92,56,0,21,16,8
8/21/2014,73,46,0,23,9,8
8/20/2014,56,29,0,21,5,7
8/19/2014,100,22,0,15,2,6
8/18/2014,159,49,0,18,7,6
8/17/2014,136,74,0,16,8,7
8/16/2014,104,74,0,25,11,7
8/15/2014,70,52,0,22,13,7
8/14/2014,105,35,0,16,5,6
8/13/2014,169,44,0,23,6,7
8/12/2014,144,88,0,28,16,9
8/11/2014,134,76,0,29,15,9
8/10/2014,142,62,0,25,15,7
8/9/2014,143,70,0,28,18,8
8/8/2014,130,72,0,27,20,7
8/7/2014,71,59,0,22,10,5
8/6/2014,72,31,0,16,8,4
8/5/2014,118,31,0,11,4,5
8/4/2014,135,52,0,23,20,7
8/3/2014,139,67,0,27,11,7
8/2/2014,139,64,0,30,12,6
8/1/2014,117,65,0,31,18,7
7/31/2014,80,62,0,28,14,6
7/30/2014,77,46,0,14,7,5
7/29/2014,107,44,0,13,6,4
7/28/2014,94,57,0,17,10,5
7/27/2014,52,48,0,18,13,5
7/26/2014,67,24,0,13,5,4
7/25/2014,67,29,0,13,6,4
7/24/2014,62,26,0,21,3,5
7/23/2014,56,29,0,14,4,5
7/22/2014,67,38,0,11,2,5
7/21/2014,82,44,0,12,4,6
7/20/2014,73,45,0,14,4,7
7/19/2014,78,38,0,17,4,6
7/18/2014,109,44,0,14,7,6
7/17/2014,88,52,0,16,11,6
7/16/2014,88,46,0,25,11,7
7/15/2014,79,48,0,21,11,6
7/14/2014,68,42,0,19,11,6
7/13/2014,58,33,0,13,7,6
7/12/2014,65,33,0,10,6,5
7/11/2014,69,39,0,13,7,5
7/10/2014,125,34,0,14,9,5
7/9/2014,135,60,0,24,13,7
7/8/2014,128,68,0,29,20,7
7/7/2014,106,70,0,21,15,7
7/6/2014,83,58,0,22,18,7
7/5/2014,95,42,0,19,7,5
7/4/2014,104,50,0,22,8,5
7/3/2014,71,55,0,20,10,5
7/2/2014,67,38,0,15,5,4
7/1/2014,55,36,0,12,7,5
6/30/2014,87,25,0,10,3,5
6/29/2014,96,40,0,11,4,6
6/28/2014,91,49,0,16,9,5
6/27/2014,72,48,0,14,8,5
6/26/2014,93,34,0,17,8,5
6/25/2014,69,46,0,15,3,5
6/24/2014,63,33,0,12,2,3
6/23/2014,51,31,0,10,3,3
6/22/2014,55,24,0,7,3,3
6/21/2014,72,24,0,9,2,2
6/20/2014,88,35,0,9,7,3
6/19/2014,85,44,0,15,7,3
6/18/2014,109,41,0,19,5,4
6/17/2014,94,47,0,17,8,4
6/16/2014,106,41,0,10,4,4
6/15/2014,142,50,0,12,4,3
6/14/2014,137,66,0,15,6,5
6/13/2014,113,69,0,14,5,7
6/12/2014,99,64,0,14,6,4
6/11/2014,113,58,0,11,5,5
6/10/2014,114,55,0,14,7,5
6/9/2014,101,55,0,12,4,5
6/8/2014,70,46,0,10,4,5
6/7/2014,108,26,0,15,4,5
6/6/2014,161,45,0,16,3,6
6/5/2014,150,74,0,17,9,6
6/4/2014,126,71,0,23,7,6
6/3/2014,110,55,0,22,3,6
6/2/2014,146,50,0,17,10,4
6/1/2014,122,62,0,17,5,5
5/31/2014,171,52,0,21,4,6
5/30/2014,161,93,0,26,9,9
5/29/2014,169,78,0,36,16,8
5/28/2014,160,86,0,29,12,7
5/27/2014,138,77,0,26,10,8
5/26/2014,115,69,0,29,12,7
5/25/2014,137,48,0,20,9,4
5/24/2014,96,65,0,28,7,8
5/23/2014,161,37,0,23,1,6
5/22/2014,136,86,0,22,6,7
5/21/2014,123,59,0,21,3,7
5/20/2014,120,58,0,31,9,7
5/19/2014,142,57,0,37,8,8
5/18/2014,166,72,0,38,8,10
5/17/2014,165,82,0,32,5,8
5/16/2014,84,75,0,20,7,9
5/15/2014,91,38,0,15,6,5
5/14/2014,100,46,0,19,6,6
5/13/2014,85,46,0,19,4,7
5/12/2014,110,36,0,27,9,7
5/11/2014,125,53,0,26,5,7
5/10/2014,107,57,0,27,7,6
5/9/2014,156,45,0,26,3,8
5/8/2014,114,66,0,31,18,11
5/7/2014,81,48,0,33,10,7
5/6/2014,85,35,0,14,3,5
5/5/2014,129,40,0,18,5,7
5/4/2014,116,56,0,30,8,7
5/3/2014,124,55,0,22,9,9
5/2/2014,105,53,0,24,13,10
5/1/2014,136,41,0,26,6,7
4/30/2014,109,59,0,26,7,8
4/29/2014,118,56,0,16,8,7
4/28/2014,154,54,0,17,9,10
4/27/2014,145,78,0,35,16,14
4/26/2014,139,69,0,42,13,12
4/25/2014,115,63,0,28,9,11
4/24/2014,111,56,0,23,7,10
4/23/2014,118,59,0,18,6,8
4/22/2014,83,58,0,25,10,8
4/21/2014,115,50,0,20,7,8
4/20/2014,108,58,0,25,6,9
4/19/2014,116,52,0,23,7,8
4/18/2014,114,63,0,31,13,7
4/17/2014,128,67,0,31,11,7
4/16/2014,97,66,0,33,19,7
4/15/2014,111,52,0,18,4,6
4/14/2014,110,58,0,17,5,6
4/13/2014,116,58,0,27,12,6
4/12/2014,124,66,0,27,12,6
4/11/2014,125,67,0,27,14,7
4/10/2014,145,59,0,15,8,6
4/9/2014,161,74,0,17,8,7
4/8/2014,102,82,0,27,14,9
4/7/2014,117,42,0,15,5,5
4/6/2014,144,67,0,19,9,5
4/5/2014,122,86,0,30,19,7
4/4/2014,148,63,0,14,11,5
4/3/2014,135,72,0,37,19,8
4/2/2014,118,63,0,27,13,7
4/1/2014,158,56,0,17,9,7
3/31/2014,122,80,0,32,10,9
3/30/2014,109,64,0,38,11,6
3/29/2014,146,64,0,48,11,7
3/28/2014,148,74,0,55,16,8
3/27/2014,142,80,0,41,13,7
3/26/2014,140,90,0,55,24,9
3/25/2014,112,88,0,49,22,7
3/24/2014,108,60,0,39,22,6
3/23/2014,100,62,0,30,13,5
3/22/2014,135,56,0,17,7,4
3/21/2014,120,69,0,16,10,7
3/20/2014,116,66,0,27,9,7
3/19/2014,155,69,0,27,13,8
3/18/2014,164,93,0,44,30,9
3/17/2014,162,92,0,39,25,10
3/16/2014,129,81,0,44,20,9
3/15/2014,159,73,0,43,16,6
3/14/2014,152,78,0,19,12,7
3/13/2014,173,82,0,20,8,14
3/12/2014,145,93,0,33,12,10
3/11/2014,97,65,0,32,14,8
3/10/2014,106,52,0,15,8,5
3/9/2014,71,52,0,14,9,7
3/8/2014,56,34,0,22,5,6
3/7/2014,103,23,0,14,3,4
3/6/2014,120,54,0,17,8,4
3/5/2014,137,64,0,16,10,5
3/4/2014,94,74,0,37,18,5
3/3/2014,70,53,0,15,8,6
3/2/2014,98,33,0,12,6,6
3/1/2014,121,55,0,40,19,5
2/28/2014,124,62,0,31,9,6
2/27/2014,170,63,0,16,8,6
2/26/2014,152,94,0,56,24,10
2/25/2014,123,82,0,38,19,5
2/24/2014,115,62,0,27,18,6
2/23/2014,111,59,0,27,12,6
2/22/2014,96,56,0,25,15,5
2/21/2014,80,42,0,12,5,4
2/20/2014,51,40,0,15,7,5
2/19/2014,115,22,0,15,4,6
2/18/2014,156,60,0,26,4,11
2/17/2014,130,77,0,30,20,14
2/16/2014,115,58,0,26,18,8
2/15/2014,78,55,0,12,8,5
2/14/2014,113,33,0,14,8,6
2/13/2014,101,50,0,20,9,6
2/12/2014,120,43,0,13,6,4
2/11/2014,78,56,0,7,7,6
2/10/2014,49,36,0,12,5,7
2/9/2014,83,13,0,12,3,6
2/8/2014,78,35,0,8,3,4
2/7/2014,72,38,0,16,4,6
2/6/2014,58,28,0,18,5,7
2/5/2014,97,27,0,17,4,6
2/4/2014,143,53,0,9,4,7
2/3/2014,128,68,0,24,10,7
2/2/2014,159,54,0,29,11,7
2/1/2014,200,72,0,33,10,7
1/31/2014,144,107,0,33,20,8
1/30/2014,121,66,0,35,16,7
1/29/2014,118,60,0,33,17,5
1/28/2014,103,58,0,27,19,4
1/27/2014,181,59,0,17,4,3
1/26/2014,151,112,0,26,13,9
1/25/2014,128,79,0,50,16,9
1/24/2014,117,59,0,38,18,6
1/23/2014,120,56,0,23,17,5
1/22/2014,154,56,0,13,10,5
1/21/2014,161,70,0,12,12,9
1/20/2014,160,74,0,21,19,11
1/19/2014,155,74,0,9,11,8
1/18/2014,147,69,0,22,12,10
1/17/2014,138,69,0,30,22,7
1/16/2014,136,57,0,22,12,4
1/15/2014,83,60,0,12,7,5
1/14/2014,91,34,0,14,5,7
1/13/2014,119,42,0,17,6,7
1/12/2014,101,60,0,20,12,7
1/11/2014,92,45,0,20,13,6
1/10/2014,88,45,0,15,7,6
1/9/2014,155,49,0,14,6,6
1/8/2014,130,81,0,40,28,10
1/7/2014,141,63,0,41,25,9
1/6/2014,171,63,0,23,19,9
1/5/2014,183,86,0,20,29,11
1/4/2014,190,96,0,40,29,14
1/3/2014,166,135,0,78,34,15
1/2/2014,155,81,0,61,34,12
1/1/2014,0,71,0,40,24,11